Date,Cases,Deaths,Recovered,Travel_history,Province,City
2020-02-26,1,0,0,China,Islamabad Capital Territory,Islamabad
2020-02-26,2,0,0,Iran/Taftan,Sindh,Karachi
2020-02-29,1,0,0,China,Islamabad Capital Territory,Islamabad
2020-02-29,1,0,0,Iran/Taftan,Sindh,Karachi
2020-03-02,1,0,0,Iran/Taftan,Gilgit-Baltistan,Gilgit
2020-03-06,0,0,1,Unknown,Sindh,Karachi
2020-03-07,1,0,0,Iran/Taftan,Sindh,Karachi
2020-03-09,6,0,0,Syria,Sindh,Karachi
2020-03-09,3,0,0,UK,Sindh,Karachi
2020-03-10,1,0,0,Iran/Taftan,Baluchistan,Quetta
2020-03-10,1,0,0,Iran/Taftan,Sindh,Karachi
2020-03-10,1,0,0,Syria,Sindh,Hyderabad
2020-03-11,1,0,0,Iran/Taftan,Gilgit-Baltistan,Skardu
2020-03-11,0,0,1,Iran/Taftan,Sindh,Karachi
2020-03-12,1,0,0,Local - Social Contact,Gilgit-Baltistan,Gilgit
2020-03-13,7,0,0,Iran/Taftan,Baluchistan,Taftan
2020-03-13,1,0,0,USA,Islamabad Capital Territory,Islamabad
2020-03-13,1,0,1,Local - Social Contact,Sindh,Karachi
2020-03-15,1,0,0,UK,Punjab,Lahore
2020-03-15,13,0,0,Iran/Taftan,Sindh,Sukkur
2020-03-15,4,0,0,Iran/Taftan,Sindh,Karachi
2020-03-15,15,0,0,Iran/Taftan,Khyber Pakhtunkhwa,Dera Ismail Khan
2020-03-15,1,1,0,Unknown,Khyber Pakhtunkhwa,Mardan
2020-03-16,1,0,1,Unknown,Islamabad Capital Territory,Islamabad
2020-03-16,1,0,0,Unknown,Khyber Pakhtunkhwa,Mansehra
2020-03-16,1,0,0,Unknown,Khyber Pakhtunkhwa,Mardan
2020-03-16,1,0,0,Unknown,Punjab,Lahore
2020-03-16,119,0,0,Iran/Taftan,Sindh,Sukkur
2020-03-16,26,0,0,Iran/Taftan,Sindh,Karachi
2020-03-16,2,0,0,Iran/Taftan,Sindh,Hyderabad
2020-03-17,2,0,0,Iran/Taftan,Baluchistan,Quetta
2020-03-17,1,0,0,Unknown,Islamabad Capital Territory,Islamabad
2020-03-17,1,0,0,Unknown,Khyber Pakhtunkhwa,Peshawar
2020-03-17,1,0,0,UK,Khyber Pakhtunkhwa,Charsadda
2020-03-17,15,0,0,Iran/Taftan,Punjab,Dera Ghazi Khan
2020-03-17,3,0,0,Unknown,Punjab,Lahore
2020-03-17,24,0,0,Iran/Taftan,Sindh,Sukkur
2020-03-17,5,0,0,KSA,Sindh,Karachi
2020-03-18,1,0,0,Iran/Taftan,Azad Jummu Kashmir,Mirpur
2020-03-18,10,0,0,Unknown,Gilgit-Baltistan,Gilgit
2020-03-18,2,0,0,Unknown,Islamabad Capital Territory,Islamabad
2020-03-18,1,0,0,Local - Social Contact,Khyber Pakhtunkhwa,Buner
2020-03-18,1,1,0,KSA,Khyber Pakhtunkhwa,Mardan
2020-03-18,1,1,0,Unknown,Khyber Pakhtunkhwa,Hangu
2020-03-18,5,0,0,Iran/Taftan,Punjab,Dera Ghazi Khan
2020-03-18,31,0,0,Iran/Taftan,Sindh,Sukkur
2020-03-18,5,0,0,Local - Social Contact,Sindh,Karachi
2020-03-19,53,0,0,Iran/Taftan,Baluchistan,Quetta
2020-03-19,4,0,0,Unknown,Gilgit-Baltistan,Gilgit
2020-03-19,4,0,0,Unknown,Gilgit-Baltistan,Nagar
2020-03-19,2,0,0,Local - Social Contact,Khyber Pakhtunkhwa,Mardan
2020-03-19,1,0,0,Local - Covid Relative,Khyber Pakhtunkhwa,Dera Ismail Khan
2020-03-19,1,0,0,Local - Social Contact,Punjab,Multan
2020-03-19,8,0,0,Unknown,Punjab,Lahore
2020-03-19,44,0,0,Iran/Taftan,Punjab,Dera Ghazi Khan
2020-03-19,37,0,1,Local - Social Contact,Sindh,Karachi
2020-03-20,5,0,0,Unknown,Baluchistan,Quetta
2020-03-20,1,0,0,Unknown,Federal Administration Tribal Area,Khyber
2020-03-20,1,0,0,Local - Social Contact,Gilgit-Baltistan,Nagar
2020-03-20,8,0,0,Iran/Taftan,Gilgit-Baltistan,Gilgit
2020-03-20,1,0,0,Unknown,Khyber Pakhtunkhwa,Mansehra
2020-03-20,1,0,0,Local - Social Contact,Punjab,Rawalpindi
2020-03-20,1,0,0,Local - Social Contact,Punjab,Jehlum
2020-03-20,3,0,0,Local - Social Contact,Punjab,Gujrat
2020-03-20,2,0,0,Unknown,Punjab,Lahore
2020-03-20,7,0,0,Iran/Taftan,Punjab,Dera Ghazi Khan
2020-03-20,4,1,0,Local - Social Contact,Sindh,Karachi
2020-03-20,16,0,0,Local - Social Contact,Sindh,Karachi
2020-03-21,12,0,0,Iran/Taftan,Baluchistan,Quetta
2020-03-21,25,0,0,Iran/Taftan,Gilgit-Baltistan,Skardu
2020-03-21,3,0,0,Unknown,Islamabad Capital Territory,Islamabad
2020-03-21,1,0,0,Iran/Taftan,Khyber Pakhtunkhwa,Peshawar
2020-03-21,1,0,0,Local - Social Contact,Khyber Pakhtunkhwa,Peshawar
2020-03-21,2,0,0,Iran/Taftan,Khyber Pakhtunkhwa,Dera Ismail Khan
2020-03-21,1,0,0,Iran/Taftan,Khyber Pakhtunkhwa,Mardan
2020-03-21,1,0,0,Iran/Taftan,Khyber Pakhtunkhwa,Karak
2020-03-21,6,0,0,Unknown,Punjab,Lahore
2020-03-21,38,0,0,Iran/Taftan,Punjab,Dera Ghazi Khan
2020-03-21,1,0,0,Local - Social Contact,Punjab,Jehlum
2020-03-21,4,0,0,Local - Social Contact,Punjab,Gujranwala
2020-03-21,39,0,0,Iran/Taftan,Sindh,Sukkur
2020-03-21,0,0,3,Local - Social Contact,Sindh,Karachi
2020-03-22,4,1,0,Unknown,Baluchistan,Quetta
2020-03-22,4,0,0,Local - Social Contact,Gilgit-Baltistan,Nagar
2020-03-22,1,0,0,Unknown,Islamabad Capital Territory,Islamabad
2020-03-22,15,0,0,Unknown,Punjab,Lahore
2020-03-22,1,0,0,Local - Social Contact,Punjab,Jehlum
2020-03-22,1,0,0,Local - Social Contact,Punjab,Rawalpindi
2020-03-22,43,0,0,Iran/Taftan,Punjab,Dera Ghazi Khan
2020-03-22,18,0,0,Local - Social Contact,Sindh,Karachi
2020-03-22,23,0,0,Iran/Taftan,Sindh,Sukkur
2020-03-23,5,0,0,Iran/Taftan,Baluchistan,Taftan
2020-03-23,16,1,0,Iran/Taftan,Gilgit-Baltistan,Skardu
2020-03-23,1,0,0,Unknown,Khyber Pakhtunkhwa,Mansehra
2020-03-23,25,0,0,Iran/Taftan,Punjab,Dera Ghazi Khan
2020-03-23,16,0,0,Local - Social Contact,Punjab,Lahore
2020-03-23,7,0,0,Local - Social Contact,Sindh,Karachi
2020-03-23,11,0,0,Iran/Taftan,Sindh,Sukkur
2020-03-23,1,0,0,Iran/Taftan,Sindh,Dadu
2020-03-24,2,0,0,Unknown,Baluchistan,Quetta
2020-03-24,1,0,0,Iran/Taftan,Federal Administration Tribal Area,South Waziristan
2020-03-24,5,0,0,Local - Social Contact,Gilgit-Baltistan,Gilgit
2020-03-24,37,0,0,Iran/Taftan,Khyber Pakhtunkhwa,Dera Ismail Khan
2020-03-24,2,0,0,Unknown,Khyber Pakhtunkhwa,Peshawar
2020-03-24,7,0,0,Local - Social Contact,Punjab,Lahore
2020-03-24,1,0,0,Local - Social Contact,Punjab,Multan
2020-03-24,9,0,0,Local - Social Contact,Punjab,Gujrat
2020-03-24,3,0,0,Local - Social Contact,Punjab,Gujranwala
2020-03-24,1,0,0,Local - Social Contact,Punjab,Sargodha
2020-03-24,1,0,0,Local - Social Contact,Punjab,Faisalabad
2020-03-24,1,0,0,Local - Social Contact,Punjab,Mandi Bahauddin
2020-03-24,1,0,0,Local - Social Contact,Punjab,Rahim Yar Khan
2020-03-24,21,1,2,Iran/Taftan,Punjab,Dera Ghazi Khan
2020-03-24,8,0,6,Local - Social Contact,Sindh,Karachi
2020-03-24,8,0,0,Iran/Taftan,Sindh,Sukkur
2020-03-24,3,0,10,Local - Social Contact,Sindh,Karachi
2020-03-24,3,0,0,Local - Social Contact,Sindh,Karachi
2020-03-25,9,0,0,Local - Social Contact,Baluchistan,Quetta
2020-03-25,12,0,0,Iran/Taftan,Baluchistan,Quetta
2020-03-25,1,0,0,Unknown,Gilgit-Baltistan,Astore
2020-03-25,7,0,0,Unknown,Gilgit-Baltistan,Kharmang
2020-03-25,1,0,0,Dubai,Gilgit-Baltistan,Kharmang
2020-03-25,5,0,0,International Passenger,Islamabad Capital Territory,Islamabad
2020-03-25,39,0,2,Unknown,Khyber Pakhtunkhwa,Mardan
2020-03-25,1,0,0,Iran/Taftan,Khyber Pakhtunkhwa,Dera Ismail Khan
2020-03-25,1,0,0,Unknown,Khyber Pakhtunkhwa,Swabi
2020-03-25,9,0,0,Local - Social Contact,Punjab,Gujrat
2020-03-25,1,0,0,Local - Social Contact,Punjab,Gujranwala
2020-03-25,2,1,0,Iran/Taftan,Punjab,Dera Ghazi Khan
2020-03-25,18,0,1,Unknown,Punjab,Lahore
2020-03-25,1,0,0,Local - Social Contact,Punjab,Multan
2020-03-25,3,0,0,Local - Social Contact,Sindh,Karachi
2020-03-25,0,0,1,Local - Social Contact,Sindh,Hyderabad
2020-03-26,1,0,0,Unknown,Azad Jummu Kashmir,Mirpur
2020-03-26,12,0,0,Iran/Taftan,Baluchistan,Quetta
2020-03-26,7,0,2,Unknown,Gilgit-Baltistan,Skardu
2020-03-26,5,0,0,Unknown,Islamabad Capital Territory,Islamabad
2020-03-26,2,0,0,Unknown,Khyber Pakhtunkhwa,Dir Upper
2020-03-26,1,0,0,Unknown,Khyber Pakhtunkhwa,Swat
2020-03-26,6,0,2,Local - Social Contact,Khyber Pakhtunkhwa,Mardan
2020-03-26,26,0,1,Unknown,Punjab,Lahore
2020-03-26,16,0,0,Iran/Taftan,Punjab,Multan
2020-03-26,1,0,0,Local - Social Contact,Punjab,Gujrat
2020-03-26,16,0,0,Local - Social Contact,Punjab,Jehlum
2020-03-26,12,0,0,Local - Social Contact,Punjab,Rawalpindi
2020-03-26,2,0,0,Local - Social Contact,Punjab,Faisalabad
2020-03-26,2,0,0,Local - Social Contact,Punjab,Mandi Bahauddin
2020-03-26,2,0,0,Local - Social Contact,Punjab,Mianwali
2020-03-26,1,0,0,Local - Social Contact,Punjab,Narowal
2020-03-26,1,0,0,Local - Social Contact,Punjab,Nankana
2020-03-26,1,0,0,Local - Social Contact,Punjab,Attock
2020-03-26,1,0,0,Local - Social Contact,Punjab,Bahawal Nagar
2020-03-26,7,1,0,Iran/Taftan,Punjab,Dera Ghazi Khan
2020-03-26,9,0,0,Local - Social Contact,Sindh,Karachi
2020-03-27,0,0,2,Unknown,Baluchistan,Quetta
2020-03-27,11,0,1,Unknown,Gilgit-Baltistan,Shigar
2020-03-27,5,0,0,Unknown,Gilgit-Baltistan,Gilgit
2020-03-27,2,0,0,Local - Social Contact,Islamabad Capital Territory,Islamabad
2020-03-27,7,0,0,Unknown,Khyber Pakhtunkhwa,Peshawar
2020-03-27,2,0,0,Unknown,Khyber Pakhtunkhwa,Swat
2020-03-27,3,0,0,Unknown,Khyber Pakhtunkhwa,Swabi
2020-03-27,1,0,0,Unknown,Khyber Pakhtunkhwa,Shangla
2020-03-27,3,0,0,Unknown,Khyber Pakhtunkhwa,Nowshera
2020-03-27,1,0,0,Iran/Taftan,Khyber Pakhtunkhwa,Orakzai
2020-03-27,34,0,0,Unknown,Khyber Pakhtunkhwa,Mardan
2020-03-27,3,0,0,Unknown,Khyber Pakhtunkhwa,Malakand
2020-03-27,2,0,0,Unknown,Khyber Pakhtunkhwa,Mansehra
2020-03-27,3,0,0,Unknown,Khyber Pakhtunkhwa,Kohat
2020-03-27,2,0,0,Local - Social Contact,Punjab,Lahore
2020-03-27,2,0,0,Local - Social Contact,Punjab,Faisalabad
2020-03-27,30,2,1,Iran/Taftan,Punjab,Multan
2020-03-27,7,0,0,Iran/Taftan,Sindh,Larkana
2020-03-27,4,0,1,Local - Social Contact,Sindh,Karachi
2020-03-28,5,0,0,Local - Social Contact,Baluchistan,Quetta
2020-03-28,8,0,1,Local - Social Contact,Gilgit-Baltistan,Nagar
2020-03-28,12,0,0,International Passenger,Islamabad Capital Territory,Islamabad
2020-03-28,1,1,0,Unknown,Khyber Pakhtunkhwa,Dera Ismail Khan
2020-03-28,1,0,0,Unknown,Khyber Pakhtunkhwa,Charsadda
2020-03-28,4,0,0,Unknown,Khyber Pakhtunkhwa,Buner
2020-03-28,1,0,0,Unknown,Khyber Pakhtunkhwa,Dir Lower
2020-03-28,1,0,0,Unknown,Khyber Pakhtunkhwa,Abbottabad
2020-03-28,1,0,0,Local - Social Contact,Punjab,Khushab
2020-03-28,1,0,0,Local - Social Contact,Punjab,Nankana
2020-03-28,1,0,0,Local - Social Contact,Punjab,Mandi Bahauddin
2020-03-28,2,0,0,Local - Social Contact,Punjab,Sargodha
2020-03-28,1,0,0,Local - Social Contact,Punjab,Vehari
2020-03-28,26,0,0,Iran/Taftan,Punjab,Multan
2020-03-28,14,0,0,Local - Social Contact,Punjab,Lahore
2020-03-28,4,0,0,Local - Social Contact,Punjab,Faisalabad
2020-03-28,10,0,0,Local - Social Contact,Punjab,Gujranwala
2020-03-28,5,0,0,Local - Social Contact,Punjab,Rawalpindi
2020-03-28,2,0,0,Local - Social Contact,Punjab,Jehlum
2020-03-28,29,0,0,Local - Social Contact,Punjab,Gujrat
2020-03-28,5,0,0,Local - Social Contact,Punjab,Dera Ghazi Khan
2020-03-28,21,0,0,Iran/Taftan,Punjab,Raiwind
2020-03-28,25,1,0,Local - Social Contact,Sindh,Karachi
2020-03-28,4,0,0,Local - Social Contact,Sindh,Hyderabad
2020-03-29,4,0,0,Unknown,Azad Jummu Kashmir,Muzaffarabad
2020-03-29,0,1,0,Local - Social Contact,Gilgit-Baltistan,Nagar
2020-03-29,5,0,0,Unknown,Gilgit-Baltistan,Shigar
2020-03-29,2,0,0,Iran/Taftan,Gilgit-Baltistan,Kharmang
2020-03-29,3,0,0,Local - Social Contact,Gilgit-Baltistan,Astore
2020-03-29,2,0,0,Unknown,Gilgit-Baltistan,Ghanche
2020-03-29,4,0,1,Local - Social Contact,Islamabad Capital Territory,Islamabad
2020-03-29,1,1,0,Unknown,Khyber Pakhtunkhwa,Abbottabad
2020-03-29,2,0,0,Local - Social Contact,Khyber Pakhtunkhwa,Peshawar
2020-03-29,1,1,0,Unknown,Khyber Pakhtunkhwa,Dir Lower
2020-03-29,0,0,3,Local - Social Contact,Punjab,Lahore
2020-03-29,1,0,0,Local - Social Contact,Punjab,Vehari
2020-03-29,1,0,0,Local - Social Contact,Punjab,Bahawalpur
2020-03-29,3,0,0,Local - Social Contact,Punjab,Gujrat
2020-03-29,7,0,0,Local - Social Contact,Punjab,Jehlum
2020-03-29,1,0,0,Local - Social Contact,Punjab,Gujranwala
2020-03-29,11,0,0,Local - Social Contact,Punjab,Rawalpindi
2020-03-29,5,0,0,Iran/Taftan,Punjab,Raiwind
2020-03-29,1,1,0,Local - Social Contact,Punjab,Rahim Yar Khan
2020-03-29,33,2,3,Local - Social Contact,Sindh,Karachi
2020-03-30,6,0,0,Local - Social Contact,Baluchistan,Quetta
2020-03-30,1,0,0,Local - Social Contact,Federal Administration Tribal Area,Bajaur
2020-03-30,18,0,4,Unknown,Gilgit-Baltistan,Nagar
2020-03-30,8,0,1,Local - Social Contact,Islamabad Capital Territory,Islamabad
2020-03-30,3,0,0,Iran/Taftan,Khyber Pakhtunkhwa,Peshawar
2020-03-30,1,0,0,Unknown,Khyber Pakhtunkhwa,Bannu
2020-03-30,1,0,0,Local - Social Contact,Khyber Pakhtunkhwa,Dera Ismail Khan
2020-03-30,3,0,0,Local - Social Contact,Khyber Pakhtunkhwa,Dir Lower
2020-03-30,1,0,0,Local - Social Contact,Khyber Pakhtunkhwa,Mansehra
2020-03-30,1,0,0,Local - Social Contact,Khyber Pakhtunkhwa,Mardan
2020-03-30,16,0,0,Local - Social Contact,Khyber Pakhtunkhwa,Peshawar
2020-03-30,11,0,1,Local - Social Contact,Punjab,Nankana
2020-03-30,14,0,0,Unknown,Punjab,Lahore
2020-03-30,8,0,0,Local - Social Contact,Punjab,Gujrat
2020-03-30,26,0,1,Iran/Taftan,Punjab,Raiwind
2020-03-30,21,4,2,Local - Social Contact,Sindh,Karachi
2020-03-30,6,0,23,Local - Social Contact,Sindh,Sukkur
2020-03-31,14,0,17,Iran/Taftan,Baluchistan,Quetta
2020-03-31,1,0,0,Local - Social Contact,Federal Administration Tribal Area,Bajaur
2020-03-31,1,0,0,Iran/Taftan,Federal Administration Tribal Area,Kurrum
2020-03-31,37,0,0,Unknown,Gilgit-Baltistan,Nagar
2020-03-31,7,0,0,Unknown,Islamabad Capital Territory,Islamabad
2020-03-31,0,0,0,Unknown,Khyber Pakhtunkhwa,Peshawar
2020-03-31,3,0,0,Unknown,Khyber Pakhtunkhwa,Dera Ismail Khan
2020-03-31,1,0,0,Local - Social Contact,Khyber Pakhtunkhwa,Haripur
2020-03-31,10,0,0,Local - Social Contact,Khyber Pakhtunkhwa,Kohat
2020-03-31,1,0,5,Local - Social Contact,Khyber Pakhtunkhwa,Mardan
2020-03-31,4,1,10,Iran/Taftan,Khyber Pakhtunkhwa,Dera Ismail Khan
2020-03-31,10,0,0,Unknown,Khyber Pakhtunkhwa,Peshawar
2020-03-31,0,3,0,Iran/Taftan,Punjab,Dera Ghazi Khan
2020-03-31,14,0,0,Local - Social Contact,Punjab,Rawalpindi
2020-03-31,1,0,0,Local - Social Contact,Punjab,Mianwali
2020-03-31,1,0,0,Local - Social Contact,Punjab,Rahim Yar Khan
2020-03-31,5,0,0,Local - Social Contact,Punjab,Hafizabad
2020-03-31,1,0,0,Local - Social Contact,Punjab,Kasur
2020-03-31,1,0,0,Local - Social Contact,Punjab,Laiya
2020-03-31,16,0,0,Local - Social Contact,Sindh,Hyderabad
2020-03-31,0,0,10,Iran/Taftan,Sindh,Sukkur
2020-03-31,94,0,0,Tableeghi Jamaat,Sindh,Hyderabad
2020-03-31,1,0,0,Local - Social Contact,Sindh,Jacobabad
2020-04-01,2,0,0,Unknown,Azad Jummu Kashmir,Bhambore
2020-04-01,1,0,0,Unknown,Azad Jummu Kashmir,Trarkhel
2020-04-01,6,0,0,Local - Social Contact,Baluchistan,Quetta
2020-04-01,1,0,0,Local - Social Contact,Federal Administration Tribal Area,Khyber
2020-04-01,2,0,0,Local - Social Contact,Federal Administration Tribal Area,Kurrum
2020-04-01,1,0,0,Local - Social Contact,Federal Administration Tribal Area,South Waziristan
2020-04-01,13,0,0,International Passenger,Islamabad Capital Territory,Islamabad
2020-04-01,1,1,0,Local - Social Contact,Khyber Pakhtunkhwa,Bannu
2020-04-01,1,1,0,Local - Social Contact,Khyber Pakhtunkhwa,Peshawar
2020-04-01,0,0,2,Local - Social Contact,Khyber Pakhtunkhwa,Nowshera
2020-04-01,3,0,0,Local - Social Contact,Khyber Pakhtunkhwa,Abbottabad
2020-04-01,1,0,0,Local - Social Contact,Khyber Pakhtunkhwa,Dir Upper
2020-04-01,2,0,0,Local - Social Contact,Khyber Pakhtunkhwa,Haripur
2020-04-01,1,0,0,Local - Social Contact,Khyber Pakhtunkhwa,Kohat
2020-04-01,2,0,0,Local - Social Contact,Khyber Pakhtunkhwa,Mansehra
2020-04-01,7,0,10,Local - Social Contact,Khyber Pakhtunkhwa,Mardan
2020-04-01,1,0,0,Local - Social Contact,Khyber Pakhtunkhwa,Orakzai
2020-04-01,1,0,0,Local - Social Contact,Khyber Pakhtunkhwa,Tank
2020-04-01,2,0,0,Local - Social Contact,Punjab,Lodhran
2020-04-01,48,0,0,Local - Social Contact,Punjab,Lahore
2020-04-01,7,1,0,Local - Social Contact,Punjab,Rawalpindi
2020-04-01,28,0,0,Local - Social Contact,Punjab,Gujrat
2020-04-01,2,0,0,Local - Social Contact,Punjab,Gujranwala
2020-04-01,1,0,0,Local - Social Contact,Punjab,Narowal
2020-04-01,8,0,0,Local - Social Contact,Punjab,Sargodha
2020-04-01,1,0,0,Local - Social Contact,Punjab,Sialkot
2020-04-01,2,0,0,Local - Social Contact,Punjab,Bahawal Nagar
2020-04-01,16,0,0,Iran/Taftan,Punjab,Multan
2020-04-01,63,0,0,Iran/Taftan,Punjab,Raiwind
2020-04-01,3,0,0,Iran/Taftan,Punjab,Faisalabad
2020-04-01,33,1,3,Local - Social Contact,Sindh,Karachi
2020-04-02,5,0,0,Local - Social Contact,Baluchistan,Quetta
2020-04-02,3,1,0,Unknown,Gilgit-Baltistan,Astore
2020-04-02,4,0,0,Unknown,Islamabad Capital Territory,Islamabad
2020-04-02,1,1,0,Local - Social Contact,Khyber Pakhtunkhwa,Buner
2020-04-02,1,0,0,Local - Social Contact,Khyber Pakhtunkhwa,Abbottabad
2020-04-02,5,0,0,Local - Social Contact,Khyber Pakhtunkhwa,Dir Lower
2020-04-02,2,0,0,Local - Social Contact,Khyber Pakhtunkhwa,Dir Upper
2020-04-02,1,0,0,Local - Social Contact,Khyber Pakhtunkhwa,Hangu
2020-04-02,1,0,0,Local - Social Contact,Khyber Pakhtunkhwa,Karak
2020-04-02,6,0,0,Local - Social Contact,Khyber Pakhtunkhwa,Kohat
2020-04-02,1,0,0,Local - Social Contact,Khyber Pakhtunkhwa,Mansehra
2020-04-02,1,0,0,Local - Social Contact,Khyber Pakhtunkhwa,Nowshera
2020-04-02,17,0,0,Local - Social Contact,Khyber Pakhtunkhwa,Peshawar
2020-04-02,1,0,3,Local - Social Contact,Khyber Pakhtunkhwa,Swabi
2020-04-02,27,0,0,Tableeghi Jamaat,Punjab,Raiwind
2020-04-02,21,1,0,Unknown,Punjab,Lahore
2020-04-02,1,0,0,Local - Social Contact,Punjab,Gujranwala
2020-04-02,2,0,0,Local - Social Contact,Punjab,Rawalpindi
2020-04-02,10,0,0,Local - Social Contact,Punjab,Mandi Bahauddin
2020-04-02,6,0,0,Local - Social Contact,Punjab,Vehari
2020-04-02,6,0,0,Iran/Taftan,Punjab,Dera Ghazi Khan
2020-04-02,27,0,0,Iran/Taftan,Punjab,Raiwind
2020-04-02,2,0,0,Iran/Taftan,Punjab,Faisalabad
2020-04-02,32,1,9,Local - Social Contact,Sindh,Karachi
2020-04-02,0,1,0,Tableeghi Jamaat,Sindh,Hyderabad
2020-04-02,0,0,2,Iran/Taftan,Sindh,Sukkur
2020-04-03,6,0,0,Unknown,Baluchistan,Quetta
2020-04-03,1,0,1,Unknown,Gilgit-Baltistan,Shigar
2020-04-03,1,0,0,Unknown,Gilgit-Baltistan,Nagar
2020-04-03,1,0,0,Unknown,Gilgit-Baltistan,Astore
2020-04-03,6,0,0,Unknown,Islamabad Capital Territory,Islamabad
2020-04-03,4,0,0,Local - Social Contact,Khyber Pakhtunkhwa,Peshawar
2020-04-03,6,0,0,Local - Social Contact,Khyber Pakhtunkhwa,Abbottabad
2020-04-03,1,0,0,Local - Social Contact,Khyber Pakhtunkhwa,Buner
2020-04-03,1,0,0,Local - Social Contact,Khyber Pakhtunkhwa,Dir Upper
2020-04-03,8,0,0,Local - Social Contact,Khyber Pakhtunkhwa,Hangu
2020-04-03,2,1,0,Local - Social Contact,Khyber Pakhtunkhwa,Mansehra
2020-04-03,10,1,0,Local - Social Contact,Khyber Pakhtunkhwa,Swat
2020-04-03,11,0,0,Local - Social Contact,Punjab,Lahore
2020-04-03,5,0,0,Local - Social Contact,Punjab,Gujrat
2020-04-03,1,0,0,Local - Social Contact,Punjab,Jehlum
2020-04-03,1,0,0,Local - Social Contact,Punjab,Gujranwala
2020-04-03,2,0,0,Local - Social Contact,Punjab,Rawalpindi
2020-04-03,1,0,0,Local - Social Contact,Punjab,Chiniot
2020-04-03,2,0,0,Local - Social Contact,Punjab,Rahim Yar Khan
2020-04-03,1,0,0,Local - Social Contact,Punjab,Sialkot
2020-04-03,11,0,0,Local - Social Contact,Punjab,Vehari
2020-04-03,1,0,0,Local - Social Contact,Punjab,Bahawalpur
2020-04-03,1,0,0,Local - Social Contact,Punjab,Sheikhupura
2020-04-03,12,0,0,Tableeghi Jamaat,Punjab,Dera Ghazi Khan
2020-04-03,3,0,0,Tableeghi Jamaat,Punjab,Multan
2020-04-03,100,0,0,Tableeghi Jamaat,Punjab,Raiwind
2020-04-03,40,3,0,Local - Social Contact,Sindh,Karachi
2020-04-04,3,0,0,Unknown,Azad Jummu Kashmir,Muzaffarabad
2020-04-04,10,0,0,Unknown,Baluchistan,Quetta
2020-04-04,3,0,0,Local - Social Contact,Federal Administration Tribal Area,Khyber
2020-04-04,0,0,5,Unknown,Gilgit-Baltistan,Skardu
2020-04-04,0,0,9,Unknown,Gilgit-Baltistan,Nagar
2020-04-04,0,0,3,Unknown,Gilgit-Baltistan,Ghanche
2020-04-04,7,0,0,Local - Social Contact,Islamabad Capital Territory,Islamabad
2020-04-04,6,3,0,Local - Social Contact,Khyber Pakhtunkhwa,Peshawar
2020-04-04,4,0,0,Local - Social Contact,Khyber Pakhtunkhwa,Bannu
2020-04-04,4,0,0,Local - Social Contact,Khyber Pakhtunkhwa,Buner
2020-04-04,1,0,0,Local - Social Contact,Khyber Pakhtunkhwa,Dera Ismail Khan
2020-04-04,2,0,0,Local - Social Contact,Khyber Pakhtunkhwa,Dir Upper
2020-04-04,4,0,0,Local - Social Contact,Khyber Pakhtunkhwa,Lakki Marwat
2020-04-04,2,0,0,Local - Social Contact,Khyber Pakhtunkhwa,Nowshera
2020-04-04,2,0,1,Local - Social Contact,Khyber Pakhtunkhwa,Shangla
2020-04-04,1,0,0,Local - Social Contact,Khyber Pakhtunkhwa,Torghar
2020-04-04,0,0,3,Iran/Taftan,Khyber Pakhtunkhwa,Dera Ismail Khan
2020-04-04,30,1,0,Local - Social Contact,Punjab,Lahore
2020-04-04,0,0,12,Local - Social Contact,Sindh,Karachi
2020-04-05,2,0,0,Local - Social Contact,Azad Jummu Kashmir,Mirpur
2020-04-05,6,0,13,Unknown,Baluchistan,Quetta
2020-04-05,1,0,0,Local - Social Contact,Federal Administration Tribal Area,Bajaur
2020-04-05,0,0,1,Local - Social Contact,Federal Administration Tribal Area,Kurrum
2020-04-05,0,0,1,Local - Social Contact,Federal Administration Tribal Area,South Waziristan
2020-04-05,17,0,7,Tableeghi Jamaat,Gilgit-Baltistan,Gilgit
2020-04-05,0,0,2,Iran/Taftan,Gilgit-Baltistan,Kharmang
2020-04-05,0,0,1,Dubai,Gilgit-Baltistan,Kharmang
2020-04-05,3,0,0,Local - Social Contact,Islamabad Capital Territory,Islamabad
2020-04-05,4,2,0,Local - Social Contact,Khyber Pakhtunkhwa,Swat
2020-04-05,7,0,0,Local - Social Contact,Khyber Pakhtunkhwa,Peshawar
2020-04-05,6,0,0,Local - Social Contact,Khyber Pakhtunkhwa,Nowshera
2020-04-05,0,0,1,Local - Social Contact,Khyber Pakhtunkhwa,Orakzai
2020-04-05,5,0,0,Local - Social Contact,Khyber Pakhtunkhwa,Abbottabad
2020-04-05,0,0,1,Local - Social Contact,Khyber Pakhtunkhwa,Charsadda
2020-04-05,0,0,1,Local - Social Contact,Khyber Pakhtunkhwa,Dir Lower
2020-04-05,0,0,2,Local - Social Contact,Khyber Pakhtunkhwa,Dir Upper
2020-04-05,4,0,4,Local - Social Contact,Khyber Pakhtunkhwa,Buner
2020-04-05,3,0,9,Local - Social Contact,Khyber Pakhtunkhwa,Mardan
2020-04-05,0,0,1,Local - Social Contact,Khyber Pakhtunkhwa,Malakand
2020-04-05,0,0,1,Local - Social Contact,Khyber Pakhtunkhwa,Mansehra
2020-04-05,1,0,0,Local - Social Contact,Khyber Pakhtunkhwa,Bannu
2020-04-05,1,0,0,Local - Social Contact,Khyber Pakhtunkhwa,Haripur
2020-04-05,1,0,0,Local - Social Contact,Khyber Pakhtunkhwa,Karak
2020-04-05,31,0,0,Local - Social Contact,Punjab,Lahore
2020-04-05,0,0,0,Local - Social Contact,Punjab,Faisalabad
2020-04-05,47,0,0,Iran/Taftan,Punjab,Raiwind
2020-04-05,41,1,0,Local - Social Contact,Sindh,Karachi
2020-04-06,1,0,0,Local - Social Contact,Azad Jummu Kashmir,Muzaffarabad
2020-04-06,3,0,31,Local - Social Contact,Baluchistan,Quetta
2020-04-06,1,0,0,Local - Social Contact,Federal Administration Tribal Area,Khyber
2020-04-06,3,0,0,Local - Social Contact,Federal Administration Tribal Area,North Waziristan
2020-04-06,1,0,0,Local - Social Contact,Gilgit-Baltistan,Gilgit
2020-04-06,0,0,11,Local - Social Contact,Gilgit-Baltistan,Shigar
2020-04-06,1,0,0,Local - Social Contact,Khyber Pakhtunkhwa,Abbottabad
2020-04-06,2,0,0,Local - Social Contact,Khyber Pakhtunkhwa,Bannu
2020-04-06,1,0,0,Local - Social Contact,Khyber Pakhtunkhwa,Buner
2020-04-06,4,0,0,Local - Social Contact,Khyber Pakhtunkhwa,Charsadda
2020-04-06,3,0,0,Iran/Taftan,Khyber Pakhtunkhwa,Dera Ismail Khan
2020-04-06,1,0,0,Local - Social Contact,Khyber Pakhtunkhwa,Dera Ismail Khan
2020-04-06,6,0,1,Local - Social Contact,Khyber Pakhtunkhwa,Dir Lower
2020-04-06,14,0,0,Local - Social Contact,Khyber Pakhtunkhwa,Dir Upper
2020-04-06,1,0,0,Local - Social Contact,Khyber Pakhtunkhwa,Karak
2020-04-06,15,0,1,Local - Social Contact,Khyber Pakhtunkhwa,Kohat
2020-04-06,1,0,0,Local - Social Contact,Khyber Pakhtunkhwa,Mansehra
2020-04-06,9,0,0,Local - Social Contact,Khyber Pakhtunkhwa,Mardan
2020-04-06,1,0,0,Local - Social Contact,Khyber Pakhtunkhwa,Mohmand
2020-04-06,24,0,0,Local - Social Contact,Khyber Pakhtunkhwa,Peshawar
2020-04-06,2,0,1,Local - Social Contact,Khyber Pakhtunkhwa,Swabi
2020-04-06,7,0,0,Local - Social Contact,Khyber Pakhtunkhwa,Swat
2020-04-06,20,3,0,Local - Social Contact,Punjab,Lahore
2020-04-06,77,0,0,Jail,Punjab,Lahore
2020-04-06,51,2,0,Local - Social Contact,Sindh,Karachi
2020-04-06,0,0,130,Iran/Taftan,Sindh,Sukkur
2020-04-07,3,0,0,Local - Social Contact,Azad Jummu Kashmir,Muzaffarabad
2020-04-07,12,0,3,Local - Social Contact,Baluchistan,Quetta
2020-04-07,1,0,0,Local - Social Contact,Federal Administration Tribal Area,Bajaur
2020-04-07,1,0,0,Local - Social Contact,Federal Administration Tribal Area,Khyber
2020-04-07,0,0,1,Local - Social Contact,Federal Administration Tribal Area,Kurrum
2020-04-07,0,0,28,Local - Social Contact,Gilgit-Baltistan,Skardu
2020-04-07,1,0,2,Local - Social Contact,Gilgit-Baltistan,Kharmang
2020-04-07,1,1,0,Local - Social Contact,Islamabad Capital Territory,Islamabad
2020-04-07,0,0,1,Iran/Taftan,Khyber Pakhtunkhwa,Peshawar
2020-04-07,7,1,4,Local - Social Contact,Khyber Pakhtunkhwa,Peshawar
2020-04-07,2,0,0,Local - Social Contact,Khyber Pakhtunkhwa,Abbottabad
2020-04-07,1,0,0,Local - Social Contact,Khyber Pakhtunkhwa,Bannu
2020-04-07,2,0,0,Local - Social Contact,Khyber Pakhtunkhwa,Charsadda
2020-04-07,3,0,0,Local - Social Contact,Khyber Pakhtunkhwa,Dir Upper
2020-04-07,2,0,0,Local - Social Contact,Khyber Pakhtunkhwa,Karak
2020-04-07,3,0,0,Local - Social Contact,Khyber Pakhtunkhwa,Orakzai
2020-04-07,2,0,0,Local - Social Contact,Khyber Pakhtunkhwa,Shangla
2020-04-07,1,0,0,Local - Social Contact,Khyber Pakhtunkhwa,Swat
2020-04-07,0,0,0,Tableeghi Jamaat,Punjab,Raiwind
2020-04-07,54,1,16,Local - Social Contact,Sindh,Karachi
2020-04-07,11,0,27,Local - Social Contact,Sindh,Karachi
2020-04-08,10,0,0,Local - Social Contact,Azad Jummu Kashmir,Muzaffarabad
2020-04-08,8,1,10,Local - Social Contact,Baluchistan,Quetta
2020-04-08,2,0,0,Local - Social Contact,Federal Administration Tribal Area,Khyber
2020-04-08,4,0,0,Local - Social Contact,Federal Administration Tribal Area,Kurrum
2020-04-08,1,0,20,Local - Social Contact,Gilgit-Baltistan,Nagar
2020-04-08,0,0,0,Local - Social Contact,Khyber Pakhtunkhwa,Peshawar
2020-04-08,0,1,0,Local - Social Contact,Khyber Pakhtunkhwa,Shangla
2020-04-08,2,1,0,Local - Social Contact,Khyber Pakhtunkhwa,Kohat
2020-04-08,12,0,1,Local - Social Contact,Khyber Pakhtunkhwa,Buner
2020-04-08,3,0,1,Local - Social Contact,Khyber Pakhtunkhwa,Charsadda
2020-04-08,2,0,0,Local - Social Contact,Khyber Pakhtunkhwa,Dir Upper
2020-04-08,5,0,0,Local - Social Contact,Khyber Pakhtunkhwa,Nowshera
2020-04-08,1,0,0,Local - Social Contact,Khyber Pakhtunkhwa,Torghar
2020-04-08,0,0,48,Iran/Taftan,Khyber Pakhtunkhwa,Dera Ismail Khan
2020-04-08,0,0,1,Local - Social Contact,Khyber Pakhtunkhwa,Mansehra
2020-04-08,49,2,0,Local - Social Contact,Punjab,Lahore
2020-04-08,2,0,0,Local - Social Contact,Punjab,Multan
2020-04-08,3,0,0,Local - Social Contact,Punjab,Gujrat
2020-04-08,1,0,0,Local - Social Contact,Punjab,Jehlum
2020-04-08,15,0,0,Local - Social Contact,Punjab,Gujranwala
2020-04-08,8,0,0,Local - Social Contact,Punjab,Rawalpindi
2020-04-08,12,0,0,Local - Social Contact,Punjab,Faisalabad
2020-04-08,7,0,0,Local - Social Contact,Punjab,Chiniot
2020-04-08,1,0,0,Local - Social Contact,Punjab,Mandi Bahauddin
2020-04-08,7,0,0,Local - Social Contact,Punjab,Mianwali
2020-04-08,4,0,0,Local - Social Contact,Punjab,Narowal
2020-04-08,0,0,2,Local - Social Contact,Punjab,Rahim Yar Khan
2020-04-08,0,0,4,Local - Social Contact,Punjab,Sargodha
2020-04-08,17,0,0,Local - Social Contact,Punjab,Sialkot
2020-04-08,6,0,0,Local - Social Contact,Punjab,Bahawal Nagar
2020-04-08,13,0,0,Local - Social Contact,Punjab,Dera Ghazi Khan
2020-04-08,1,0,0,Local - Social Contact,Punjab,Hafizabad
2020-04-08,0,0,6,Local - Social Contact,Punjab,Vehari
2020-04-08,1,0,0,Local - Social Contact,Punjab,Okara
2020-04-08,1,0,0,Local - Social Contact,Punjab,Bahawalpur
2020-04-08,8,0,0,Local - Social Contact,Punjab,Kasur
2020-04-08,1,0,0,Local - Social Contact,Punjab,Lodhran
2020-04-08,2,0,0,Local - Social Contact,Punjab,Toba Tek Singh
2020-04-08,50,1,1,Local - Social Contact,Sindh,Karachi
2020-04-08,6,0,0,Local - Social Contact,Sindh,Larkana
2020-04-08,2,0,0,Local - Social Contact,Sindh,Jamshoro
2020-04-08,1,0,0,Local - Social Contact,Sindh,Badin
2020-04-08,7,0,0,Local - Social Contact,Sindh,Shaheed Benazirabad
2020-04-08,4,0,0,Local - Social Contact,Sindh,Naushero Feroz
2020-04-08,1,0,0,Local - Social Contact,Sindh,Shujawal
2020-04-08,1,0,0,Local - Social Contact,Sindh,Sanghar
2020-04-08,12,0,0,Local - Social Contact,Sindh,Tando M. Khan
2020-04-08,2,0,0,Local - Social Contact,Sindh,Ghotki
2020-04-08,42,1,0,Tableeghi Jamaat,Sindh,Hyderabad
2020-04-08,0,0,18,Iran/Taftan,Sindh,Sukkur
2020-04-09,5,0,0,Local - Social Contact,Azad Jummu Kashmir,Muzaffarabad
2020-04-09,7,0,0,Local - Social Contact,Baluchistan,Quetta
2020-04-09,1,0,0,Local - Social Contact,Federal Administration Tribal Area,North Waziristan
2020-04-09,2,0,0,Local - Social Contact,Gilgit-Baltistan,Kharmang
2020-04-09,35,0,7,Local - Social Contact,Islamabad Capital Territory,Islamabad
2020-04-09,3,0,0,Local - Social Contact,Khyber Pakhtunkhwa,Abbottabad
2020-04-09,6,0,0,Local - Social Contact,Khyber Pakhtunkhwa,Buner
2020-04-09,1,0,0,Local - Social Contact,Khyber Pakhtunkhwa,Charsadda
2020-04-09,10,0,0,Local - Social Contact,Khyber Pakhtunkhwa,Dir Upper
2020-04-09,4,0,0,Local - Social Contact,Khyber Pakhtunkhwa,Hangu
2020-04-09,1,0,0,Local - Social Contact,Khyber Pakhtunkhwa,Haripur
2020-04-09,6,1,0,Local - Social Contact,Khyber Pakhtunkhwa,Mardan
2020-04-09,1,0,0,Local - Social Contact,Khyber Pakhtunkhwa,Nowshera
2020-04-09,1,0,0,Local - Social Contact,Khyber Pakhtunkhwa,Orakzai
2020-04-09,15,1,0,Local - Social Contact,Khyber Pakhtunkhwa,Peshawar
2020-04-09,2,0,0,Local - Social Contact,Khyber Pakhtunkhwa,Shangla
2020-04-09,1,0,0,Local - Social Contact,Khyber Pakhtunkhwa,Swabi
2020-04-09,7,0,0,Local - Social Contact,Khyber Pakhtunkhwa,Swat
2020-04-09,0,0,5,Iran/Taftan,Punjab,Dera Ghazi Khan
2020-04-09,213,1,0,Tableeghi Jamaat,Punjab,Raiwind
2020-04-09,18,0,0,Tableeghi Jamaat,Punjab,Faisalabad
2020-04-09,366,0,0,Tableeghi Jamaat,Punjab,Multan
2020-04-09,23,0,0,Local - Social Contact,Punjab,Lahore
2020-04-09,1,0,0,Local - Social Contact,Punjab,Gujrat
2020-04-09,0,0,1,Local - Social Contact,Punjab,Jehlum
2020-04-09,0,0,1,Local - Social Contact,Punjab,Gujranwala
2020-04-09,1,0,0,Local - Social Contact,Punjab,Rawalpindi
2020-04-09,4,0,0,Local - Social Contact,Punjab,Chakwal
2020-04-09,6,0,0,Local - Social Contact,Punjab,Faisalabad
2020-04-09,0,0,7,Local - Social Contact,Punjab,Mandi Bahauddin
2020-04-09,0,0,1,Local - Social Contact,Punjab,Mianwali
2020-04-09,2,0,0,Local - Social Contact,Punjab,Narowal
2020-04-09,17,0,0,Local - Social Contact,Punjab,Rahim Yar Khan
2020-04-09,2,0,0,Local - Social Contact,Punjab,Sargodha
2020-04-09,1,0,0,Local - Social Contact,Punjab,Jhang
2020-04-09,8,0,0,Local - Social Contact,Punjab,Sialkot
2020-04-09,0,0,4,Local - Social Contact,Punjab,Bahawal Nagar
2020-04-09,6,0,0,Local - Social Contact,Punjab,Hafizabad
2020-04-09,2,0,0,Local - Social Contact,Punjab,Khushab
2020-04-09,2,0,0,Local - Social Contact,Punjab,Bahawalpur
2020-04-09,2,0,0,Local - Social Contact,Punjab,Sheikhupura
2020-04-09,0,0,18,Local - Social Contact,Sindh,Sukkur
2020-04-09,92,1,0,Unknown,Sindh,Karachi
2020-04-09,0,0,69,Iran/Taftan,Sindh,Sukkur
2020-04-10,0,0,0,Local - Social Contact,Azad Jummu Kashmir,Muzaffarabad
2020-04-10,1,0,13,Local - Social Contact,Baluchistan,Quetta
2020-04-10,3,0,3,Local - Social Contact,Federal Administration Tribal Area,Bajaur
2020-04-10,0,0,14,Local - Social Contact,Gilgit-Baltistan,Nagar
2020-04-10,0,0,0,Local - Social Contact,Khyber Pakhtunkhwa,Peshawar
2020-04-10,3,0,0,Local - Social Contact,Khyber Pakhtunkhwa,Abbottabad
2020-04-10,5,0,0,Local - Social Contact,Khyber Pakhtunkhwa,Bannu
2020-04-10,4,0,1,Local - Social Contact,Khyber Pakhtunkhwa,Buner
2020-04-10,3,0,0,Local - Social Contact,Khyber Pakhtunkhwa,Charsadda
2020-04-10,0,1,0,Tableeghi Jamaat,Khyber Pakhtunkhwa,Dir Lower
2020-04-10,1,0,0,Local - Social Contact,Khyber Pakhtunkhwa,Dir Upper
2020-04-10,1,0,1,Local - Social Contact,Khyber Pakhtunkhwa,Hangu
2020-04-10,1,0,0,Local - Social Contact,Khyber Pakhtunkhwa,Haripur
2020-04-10,0,0,1,Local - Social Contact,Khyber Pakhtunkhwa,Karak
2020-04-10,2,0,1,Local - Social Contact,Khyber Pakhtunkhwa,Kohat
2020-04-10,2,1,0,Local - Social Contact,Khyber Pakhtunkhwa,Malakand
2020-04-10,1,0,0,Local - Social Contact,Khyber Pakhtunkhwa,Nowshera
2020-04-10,8,0,0,Local - Social Contact,Khyber Pakhtunkhwa,Peshawar
2020-04-10,3,0,0,Local - Social Contact,Khyber Pakhtunkhwa,Swabi
2020-04-10,2,1,2,Tableeghi Jamaat,Khyber Pakhtunkhwa,Swat
2020-04-10,0,0,1,Local - Social Contact,Khyber Pakhtunkhwa,Tank
2020-04-10,0,0,2,Iran/Taftan,Khyber Pakhtunkhwa,Dera Ismail Khan
2020-04-10,12,0,0,Jail,Punjab,Lahore
2020-04-10,10,0,0,Local - Social Contact,Punjab,Lahore
2020-04-10,1,0,0,Local - Social Contact,Punjab,Faisalabad
2020-04-10,0,0,5,Local - Social Contact,Punjab,Nankana
2020-04-10,7,0,0,Local - Social Contact,Punjab,Sheikhupura
2020-04-10,85,1,9,Local - Social Contact,Sindh,Karachi
2020-04-10,1,0,0,Local - Social Contact,Sindh,Shaheed Benazirabad
2020-04-11,1,0,0,Local - Social Contact,Azad Jummu Kashmir,Muzaffarabad
2020-04-11,8,0,6,Local - Social Contact,Baluchistan,Quetta
2020-04-11,1,0,10,Local - Social Contact,Gilgit-Baltistan,Gilgit
2020-04-11,0,0,11,Local - Social Contact,Gilgit-Baltistan,Nagar
2020-04-11,5,4,1,Local - Social Contact,Khyber Pakhtunkhwa,Peshawar
2020-04-11,5,1,0,Local - Social Contact,Khyber Pakhtunkhwa,Kohat
2020-04-11,3,1,0,Local - Social Contact,Khyber Pakhtunkhwa,Nowshera
2020-04-11,1,0,4,Local - Social Contact,Khyber Pakhtunkhwa,Abbottabad
2020-04-11,5,0,0,Local - Social Contact,Khyber Pakhtunkhwa,Buner
2020-04-11,3,0,0,Local - Social Contact,Khyber Pakhtunkhwa,Dir Lower
2020-04-11,6,0,0,Local - Social Contact,Khyber Pakhtunkhwa,Dir Upper
2020-04-11,6,0,0,Local - Social Contact,Khyber Pakhtunkhwa,Mansehra
2020-04-11,5,0,0,Local - Social Contact,Khyber Pakhtunkhwa,Mardan
2020-04-11,4,0,0,Local - Social Contact,Khyber Pakhtunkhwa,Shangla
2020-04-11,2,0,2,Local - Social Contact,Khyber Pakhtunkhwa,Swat
2020-04-11,0,0,1,Local - Social Contact,Khyber Pakhtunkhwa,Dera Ismail Khan
2020-04-11,29,3,0,Local - Social Contact,Punjab,Lahore
2020-04-11,1,0,0,Tableeghi Jamaat,Punjab,Dera Ghazi Khan
2020-04-11,30,0,0,Local - Social Contact,Punjab,Gujrat
2020-04-11,7,0,0,Tableeghi Jamaat,Punjab,Raiwind
2020-04-11,5,0,0,Local - Social Contact,Punjab,Rawalpindi
2020-04-11,3,0,0,Local - Social Contact,Punjab,Nankana
2020-04-11,16,0,0,Local - Social Contact,Punjab,Laiya
2020-04-11,0,0,2,Local - Social Contact,Punjab,Jehlum
2020-04-11,47,0,0,Unknown,Punjab,Bhakhar
2020-04-11,84,6,0,Local - Social Contact,Sindh,Karachi
2020-04-11,3,0,0,Local - Social Contact,Sindh,Larkana
2020-04-11,17,0,0,Local - Social Contact,Sindh,Hyderabad
2020-04-12,6,0,1,Local - Social Contact,Azad Jummu Kashmir,Muzaffarabad
2020-04-12,8,0,0,Local - Social Contact,Baluchistan,Quetta
2020-04-12,2,0,0,Local - Social Contact,Federal Administration Tribal Area,Kurrum
2020-04-12,1,0,0,Local - Social Contact,Federal Administration Tribal Area,South Waziristan
2020-04-12,0,0,2,Local - Social Contact,Federal Administration Tribal Area,North Waziristan
2020-04-12,1,0,3,Local - Social Contact,Islamabad Capital Territory,Islamabad
2020-04-12,9,1,0,Local - Social Contact,Khyber Pakhtunkhwa,Peshawar
2020-04-12,2,1,0,Local - Social Contact,Khyber Pakhtunkhwa,Mardan
2020-04-12,0,1,0,Local - Social Contact,Khyber Pakhtunkhwa,Swabi
2020-04-12,6,0,0,Local - Social Contact,Khyber Pakhtunkhwa,Buner
2020-04-12,1,0,0,Local - Social Contact,Khyber Pakhtunkhwa,Dir Upper
2020-04-12,1,0,0,Local - Social Contact,Khyber Pakhtunkhwa,Hangu
2020-04-12,4,0,0,Local - Social Contact,Khyber Pakhtunkhwa,Karak
2020-04-12,4,0,0,Local - Social Contact,Khyber Pakhtunkhwa,Kohat
2020-04-12,3,0,0,Local - Social Contact,Khyber Pakhtunkhwa,Malakand
2020-04-12,10,0,0,Local - Social Contact,Khyber Pakhtunkhwa,Mansehra
2020-04-12,2,0,0,Local - Social Contact,Khyber Pakhtunkhwa,Nowshera
2020-04-12,2,0,1,Local - Social Contact,Khyber Pakhtunkhwa,Swat
2020-04-12,32,2,25,Local - Social Contact,Punjab,Lahore
2020-04-12,19,0,0,Local - Social Contact,Punjab,Multan
2020-04-12,0,0,175,Iran/Taftan,Punjab,Dera Ghazi Khan
2020-04-12,6,0,0,Local - Social Contact,Punjab,Gujrat
2020-04-12,2,0,0,Local - Social Contact,Punjab,Rawalpindi
2020-04-12,3,0,0,Local - Social Contact,Punjab,Faisalabad
2020-04-12,19,0,0,Local - Social Contact,Punjab,Rahim Yar Khan
2020-04-12,6,0,0,Local - Social Contact,Punjab,Vehari
2020-04-12,1,0,0,Local - Social Contact,Punjab,Khushab
2020-04-12,1,0,0,Local - Social Contact,Punjab,Bahawalpur
2020-04-12,9,0,0,Jail,Punjab,Lahore
2020-04-12,79,2,18,Unknown,Sindh,Karachi
2020-04-12,14,0,0,Unknown,Sindh,Khairpur
2020-04-13,3,0,0,Local - Social Contact,Azad Jummu Kashmir,Muzaffarabad
2020-04-13,1,0,0,Local - Social Contact,Baluchistan,Quetta
2020-04-13,9,0,0,Local - Social Contact,Federal Administration Tribal Area,Kurrum
2020-04-13,1,0,0,Local - Social Contact,Federal Administration Tribal Area,Mohmand
2020-04-13,0,0,1,Local - Social Contact,Federal Administration Tribal Area,Bajaur
2020-04-13,12,0,0,Local - Social Contact,Islamabad Capital Territory,Islamabad
2020-04-13,0,1,0,Local - Social Contact,Khyber Pakhtunkhwa,Peshawar
2020-04-13,1,1,1,Local - Social Contact,Khyber Pakhtunkhwa,Abbottabad
2020-04-13,5,0,0,Local - Social Contact,Khyber Pakhtunkhwa,Charsadda
2020-04-13,3,0,2,Local - Social Contact,Khyber Pakhtunkhwa,Kohat
2020-04-13,2,0,0,Local - Social Contact,Khyber Pakhtunkhwa,Malakand
2020-04-13,1,0,0,Local - Social Contact,Khyber Pakhtunkhwa,Nowshera
2020-04-13,31,0,0,Local - Social Contact,Khyber Pakhtunkhwa,Peshawar
2020-04-13,3,0,0,Local - Social Contact,Khyber Pakhtunkhwa,Swat
2020-04-13,0,0,1,Local - Social Contact,Khyber Pakhtunkhwa,Swabi
2020-04-13,0,0,0,Local - Social Contact,Khyber Pakhtunkhwa,Lakki Marwat
2020-04-13,0,0,2,Local - Social Contact,Khyber Pakhtunkhwa,Dir Lower
2020-04-13,0,0,1,Local - Social Contact,Khyber Pakhtunkhwa,Bannu
2020-04-13,0,1,0,Unknown,Punjab,Lahore
2020-04-13,0,0,0,Tableeghi Jamaat,Punjab,Dera Ghazi Khan
2020-04-13,60,0,0,Local - Social Contact,Punjab,Multan
2020-04-13,39,1,30,Unknown,Sindh,Karachi
2020-04-13,1,0,0,Local - Social Contact,Sindh,Sujawal
2020-04-13,1,0,0,Local - Social Contact,Sindh,Sanghar
2020-04-14,17,0,0,Local - Social Contact,Baluchistan,Quetta
2020-04-14,1,0,0,Local - Social Contact,Federal Administration Tribal Area,Khyber
2020-04-14,1,0,0,Local - Social Contact,Federal Administration Tribal Area,North Waziristan
2020-04-14,10,0,6,Local - Social Contact,Gilgit-Baltistan,Shigar
2020-04-14,0,0,5,Local - Social Contact,Gilgit-Baltistan,Kharmang
2020-04-14,0,0,11,Local - Social Contact,Gilgit-Baltistan,Skardu
2020-04-14,0,0,2,Local - Social Contact,Gilgit-Baltistan,Ghanche
2020-04-14,22,3,0,Unknown,Khyber Pakhtunkhwa,Peshawar
2020-04-14,4,0,0,Unknown,Khyber Pakhtunkhwa,Dera Ismail Khan
2020-04-14,5,0,0,Local - Social Contact,Khyber Pakhtunkhwa,Bannu
2020-04-14,7,0,1,Local - Social Contact,Khyber Pakhtunkhwa,Buner
2020-04-14,4,0,2,Local - Social Contact,Khyber Pakhtunkhwa,Charsadda
2020-04-14,11,0,7,Local - Social Contact,Khyber Pakhtunkhwa,Dir Upper
2020-04-14,3,0,0,Local - Social Contact,Khyber Pakhtunkhwa,Hangu
2020-04-14,1,0,5,Local - Social Contact,Khyber Pakhtunkhwa,Kohat
2020-04-14,4,0,0,Local - Social Contact,Khyber Pakhtunkhwa,Nowshera
2020-04-14,2,0,0,Local - Social Contact,Khyber Pakhtunkhwa,Shangla
2020-04-14,0,0,3,Local - Social Contact,Khyber Pakhtunkhwa,Abbottabad
2020-04-14,0,0,3,Local - Social Contact,Khyber Pakhtunkhwa,Swat
2020-04-14,0,0,4,Local - Social Contact,Khyber Pakhtunkhwa,Dir Lower
2020-04-14,0,0,3,Local - Social Contact,Khyber Pakhtunkhwa,Haripur
2020-04-14,35,4,0,Unknown,Punjab,Lahore
2020-04-14,45,0,0,Local - Social Contact,Punjab,Multan
2020-04-14,13,0,0,Local - Social Contact,Punjab,Gujrat
2020-04-14,44,0,0,Local - Social Contact,Punjab,Jehlum
2020-04-14,2,0,0,Local - Social Contact,Punjab,Gujranwala
2020-04-14,22,0,0,Local - Social Contact,Punjab,Rawalpindi
2020-04-14,7,0,0,Local - Social Contact,Punjab,Faisalabad
2020-04-14,11,0,0,Local - Social Contact,Punjab,Mandi Bahauddin
2020-04-14,8,0,0,Local - Social Contact,Punjab,Mianwali
2020-04-14,15,0,0,Local - Social Contact,Punjab,Narowal
2020-04-14,5,0,0,Local - Social Contact,Punjab,Rahim Yar Khan
2020-04-14,36,0,0,Local - Social Contact,Punjab,Sargodha
2020-04-14,7,0,0,Local - Social Contact,Punjab,Sahewal
2020-04-14,9,0,0,Local - Social Contact,Punjab,Rajanpur
2020-04-14,22,0,0,Local - Social Contact,Punjab,Sialkot
2020-04-14,5,0,0,Local - Social Contact,Punjab,Bahawal Nagar
2020-04-14,35,0,0,Local - Social Contact,Punjab,Hafizabad
2020-04-14,52,0,0,Local - Social Contact,Punjab,Muzaffargar
2020-04-14,2,0,0,Local - Social Contact,Punjab,Nankana
2020-04-14,47,0,0,Local - Social Contact,Punjab,Vehari
2020-04-14,2,0,0,Local - Social Contact,Punjab,Khushab
2020-04-14,11,0,0,Local - Social Contact,Punjab,Laiya
2020-04-14,2,0,0,Local - Social Contact,Punjab,Khanewal
2020-04-14,8,0,0,Local - Social Contact,Punjab,Sheikhupura
2020-04-14,1,0,0,Local - Social Contact,Punjab,Pakpatan
2020-04-14,14,0,0,Local - Social Contact,Punjab,Bhakhar
2020-04-14,10,0,0,Tableeghi Jamaat,Punjab,Raiwind
2020-04-14,66,3,0,Local - Social Contact,Sindh,Karachi
2020-04-14,0,1,3,Local - Social Contact,Sindh,Hyderabad
2020-04-14,0,0,1,Iran/Taftan,Sindh,Sukkur
2020-04-15,3,0,0,Unknown,Azad Jummu Kashmir,Muzaffarabad
2020-04-15,33,1,13,Unknown,Baluchistan,Quetta
2020-04-15,0,0,1,Local - Social Contact,Federal Administration Tribal Area,Khyber
2020-04-15,0,0,19,Local - Social Contact,Gilgit-Baltistan,Skardu
2020-04-15,3,0,0,Local - Social Contact,Gilgit-Baltistan,Diamer
2020-04-15,2,0,0,Local - Social Contact,Gilgit-Baltistan,Nagar
2020-04-15,6,0,2,Local - Social Contact,Gilgit-Baltistan,Astore
2020-04-15,0,0,1,Local - Social Contact,Gilgit-Baltistan,Nagar
2020-04-15,9,0,0,Local - Social Contact,Islamabad Capital Territory,Islamabad
2020-04-15,38,4,0,Local - Social Contact,Khyber Pakhtunkhwa,Peshawar
2020-04-15,0,0,3,Iran/Taftan,Khyber Pakhtunkhwa,Peshawar
2020-04-15,1,0,0,Local - Social Contact,Khyber Pakhtunkhwa,Buner
2020-04-15,7,0,0,Local - Social Contact,Khyber Pakhtunkhwa,Dera Ismail Khan
2020-04-15,1,0,1,Local - Social Contact,Khyber Pakhtunkhwa,Kohat
2020-04-15,2,0,0,Local - Social Contact,Khyber Pakhtunkhwa,Orakzai
2020-04-15,1,0,3,Local - Social Contact,Khyber Pakhtunkhwa,Swat
2020-04-15,0,0,1,Local - Social Contact,Khyber Pakhtunkhwa,Mardan
2020-04-15,0,0,2,Local - Social Contact,Khyber Pakhtunkhwa,Mansehra
2020-04-15,0,0,2,Local - Social Contact,Khyber Pakhtunkhwa,Dir Upper
2020-04-15,0,0,1,Local - Social Contact,Khyber Pakhtunkhwa,Abbottabad
2020-04-15,20,0,0,Local - Social Contact,Punjab,Rawalpindi
2020-04-15,10,0,0,Local - Social Contact,Punjab,Gujranwala
2020-04-15,0,0,28,Local - Social Contact,Punjab,Lahore
2020-04-15,0,0,1,Local - Social Contact,Punjab,Chakwal
2020-04-15,24,0,0,Local - Social Contact,Punjab,Lahore
2020-04-15,3,0,0,Local - Social Contact,Punjab,Mandi Bahauddin
2020-04-15,1,0,0,Local - Social Contact,Punjab,Jhang
2020-04-15,7,0,0,Local - Social Contact,Punjab,Narowal
2020-04-15,1,0,0,Local - Social Contact,Sindh,Larkana
2020-04-15,7,0,0,Local - Social Contact,Sindh,Naushero Feroz
2020-04-15,28,0,0,Local - Social Contact,Sindh,Shaheed Benazirabad
2020-04-15,20,0,104,Tableeghi Jamaat,Sindh,Hyderabad
2020-04-15,94,5,27,Local - Social Contact,Sindh,Karachi
2020-04-15,0,1,0,Iran/Taftan,Sindh,Sukkur
2020-04-16,24,2,59,Local - Social Contact,Baluchistan,Quetta
2020-04-16,2,0,0,Local - Social Contact,Federal Administration Tribal Area,Kurrum
2020-04-16,0,0,1,Local - Social Contact,Federal Administration Tribal Area,Bajaur
2020-04-16,8,0,6,Unknown,Gilgit-Baltistan,Gilgit
2020-04-16,5,0,0,Local - Social Contact,Islamabad Capital Territory,Islamabad
2020-04-16,22,2,1,Local - Social Contact,Khyber Pakhtunkhwa,Peshawar
2020-04-16,1,1,4,Local - Social Contact,Khyber Pakhtunkhwa,Nowshera
2020-04-16,7,0,0,Local - Social Contact,Khyber Pakhtunkhwa,Buner
2020-04-16,2,0,0,Local - Social Contact,Khyber Pakhtunkhwa,Dir Lower
2020-04-16,3,0,0,Local - Social Contact,Khyber Pakhtunkhwa,Dir Upper
2020-04-16,1,0,0,Local - Social Contact,Khyber Pakhtunkhwa,Haripur
2020-04-16,2,0,3,Local - Social Contact,Khyber Pakhtunkhwa,Kohat
2020-04-16,4,0,0,Local - Social Contact,Khyber Pakhtunkhwa,Malakand
2020-04-16,5,0,0,Local - Social Contact,Khyber Pakhtunkhwa,Mansehra
2020-04-16,1,0,0,Local - Social Contact,Khyber Pakhtunkhwa,Mardan
2020-04-16,1,0,0,Local - Social Contact,Khyber Pakhtunkhwa,Shangla
2020-04-16,7,0,0,Local - Social Contact,Khyber Pakhtunkhwa,Swat
2020-04-16,0,0,2,Local - Social Contact,Khyber Pakhtunkhwa,Bannu
2020-04-16,0,0,3,Local - Social Contact,Khyber Pakhtunkhwa,Lakki Marwat
2020-04-16,21,0,0,Local - Social Contact,Punjab,Rawalpindi
2020-04-16,10,0,0,Local - Social Contact,Punjab,Gujranwala
2020-04-16,9,0,0,Local - Social Contact,Punjab,Multan
2020-04-16,4,0,0,Local - Social Contact,Punjab,Gujrat
2020-04-16,0,7,112,Unknown,Punjab,Lahore
2020-04-16,24,0,0,Local - Social Contact,Punjab,Lahore
2020-04-16,8,0,0,Local - Social Contact,Punjab,Faisalabad
2020-04-16,1,0,0,Local - Social Contact,Punjab,Dera Ghazi Khan
2020-04-16,21,0,0,Local - Social Contact,Punjab,Rahim Yar Khan
2020-04-16,86,0,0,Unknown,Punjab,Sargodha
2020-04-16,3,0,0,Local - Social Contact,Punjab,Sialkot
2020-04-16,3,0,0,Local - Social Contact,Punjab,Bahawal Nagar
2020-04-16,48,0,0,Unknown,Punjab,Bahawalpur
2020-04-16,4,0,0,Local - Social Contact,Punjab,Sheikhupura
2020-04-16,1,0,0,Local - Social Contact,Punjab,Bhakhar
2020-04-16,10,0,0,Tableeghi Jamaat,Punjab,Multan
2020-04-16,21,0,0,Local - Social Contact,Punjab,Khushab
2020-04-16,70,4,16,Local - Social Contact,Sindh,Karachi
2020-04-16,1,0,0,Local - Social Contact,Sindh,Hyderabad
2020-04-16,10,0,0,Local - Social Contact,Sindh,Dadu
2020-04-16,3,0,0,Local - Social Contact,Sindh,Shikarpur
2020-04-16,0,0,0,Unknown,Sindh,Khairpur
2020-04-16,52,0,0,Unknown,Sindh,Sukkur
2020-04-16,96,0,0,Unknown,Sindh,Ghotki
2020-04-16,4,0,0,Local - Social Contact,Sindh,Tando Alahyar
2020-04-16,1,0,0,Local - Social Contact,Sindh,Tando M. Khan
2020-04-16,12,0,0,Local - Social Contact,Sindh,Sanghar
2020-04-16,5,0,0,Local - Social Contact,Sindh,Sujawal
2020-04-16,3,0,0,Local - Social Contact,Sindh,Naushero Feroz
2020-04-16,2,0,0,Local - Social Contact,Sindh,Badin
2020-04-16,2,0,0,Local - Social Contact,Sindh,Jamshoro
2020-04-16,53,0,0,Unknown,Sindh,Shaheed Benazirabad
2020-04-17,2,0,0,Local - Social Contact,Azad Jummu Kashmir,Muzaffarabad
2020-04-17,6,0,0,Unknown,Baluchistan,Quetta
2020-04-17,41,0,0,Local - Social Contact,Baluchistan,Quetta
2020-04-17,5,0,9,Local - Social Contact,Gilgit-Baltistan,Gilgit
2020-04-17,9,0,0,Local - Social Contact,Islamabad Capital Territory,Islamabad
2020-04-17,24,2,0,Local - Social Contact,Punjab,Lahore
2020-04-17,20,0,0,Local - Social Contact,Punjab,Rawalpindi
2020-04-17,10,0,0,Local - Social Contact,Punjab,Gujranwala
2020-04-17,9,0,0,Local - Social Contact,Punjab,Multan
2020-04-17,4,0,0,Local - Social Contact,Punjab,Gujrat
2020-04-17,8,0,0,Local - Social Contact,Punjab,Faisalabad
2020-04-17,20,0,0,Local - Social Contact,Punjab,Rahim Yar Khan
2020-04-17,3,0,0,Local - Social Contact,Punjab,Sialkot
2020-04-17,4,0,0,Local - Social Contact,Punjab,Bahawal Nagar
2020-04-17,95,0,0,Tableeghi Jamaat,Punjab,Multan
2020-04-17,9,0,0,Local - Social Contact,Punjab,Muzaffargar
2020-04-17,2,0,0,Local - Social Contact,Punjab,Nankana
2020-04-17,1,0,0,Local - Social Contact,Punjab,Kasur
2020-04-17,4,0,0,Local - Social Contact,Punjab,Laiya
2020-04-17,123,2,3,Unknown,Sindh,Karachi
2020-04-17,0,0,2,Local - Social Contact,Sindh,Larkana
2020-04-17,1,0,0,Local - Social Contact,Sindh,Badin
2020-04-17,1,0,0,Local - Social Contact,Sindh,Naushero Feroz
2020-04-17,2,0,0,Local - Social Contact,Sindh,Sujawal
2020-04-17,1,0,0,Local - Social Contact,Sindh,Sanghar
2020-04-17,6,0,0,Local - Social Contact,Sindh,Tando M. Khan
2020-04-17,28,0,0,Unknown,Sindh,Ghotki
2020-04-17,73,0,0,Unknown,Sindh,Khairpur
2020-04-17,1,0,0,Local - Social Contact,Sindh,Umerkot
2020-04-18,8,0,0,Local - Social Contact,Baluchistan,Quetta
2020-04-18,7,0,1,Local - Social Contact,Gilgit-Baltistan,Gilgit
2020-04-18,9,1,2,Local - Social Contact,Islamabad Capital Territory,Islamabad
2020-04-18,43,5,0,Unknown,Khyber Pakhtunkhwa,Peshawar
2020-04-18,41,0,0,Afghanistan,Khyber Pakhtunkhwa,Peshawar
2020-04-18,2,0,25,India,Punjab,Lahore
2020-04-18,5,4,0,Local - Social Contact,Punjab,Lahore
2020-04-18,2,0,0,Local - Social Contact,Punjab,Dera Ghazi Khan
2020-04-18,7,0,0,Local - Social Contact,Punjab,Gujrat
2020-04-18,1,0,0,Local - Social Contact,Punjab,Rawalpindi
2020-04-18,1,0,0,Local - Social Contact,Punjab,Chakwal
2020-04-18,1,0,0,Local - Social Contact,Punjab,Attock
2020-04-18,138,1,11,Unknown,Sindh,Karachi
2020-04-18,1,0,0,Local - Social Contact,Sindh,Kambar Shahdadkot
2020-04-18,9,0,0,Local - Social Contact,Sindh,Kashmore
2020-04-18,6,0,0,Local - Social Contact,Sindh,Mirpurkhas
2020-04-18,4,0,0,Local - Social Contact,Sindh,Tharparkar
2020-04-18,0,0,0,Iran/Taftan,Sindh,Sukkur
2020-04-19,1,0,0,Local - Social Contact,Azad Jummu Kashmir,Muzaffarabad
2020-04-19,56,0,0,Local - Social Contact,Baluchistan,Quetta
2020-04-19,0,1,0,Local - Social Contact,Federal Administration Tribal Area,Mohmand
2020-04-19,6,0,1,Local - Social Contact,Gilgit-Baltistan,Gilgit
2020-04-19,8,0,0,Local - Social Contact,Islamabad Capital Territory,Islamabad
2020-04-19,60,2,0,Local - Social Contact,Khyber Pakhtunkhwa,Peshawar
2020-04-19,0,1,0,Local - Social Contact,Khyber Pakhtunkhwa,Nowshera
2020-04-19,0,4,0,Local - Social Contact,Khyber Pakhtunkhwa,Swat
2020-04-19,0,1,0,Local - Social Contact,Khyber Pakhtunkhwa,Malakand
2020-04-19,0,1,0,Local - Social Contact,Khyber Pakhtunkhwa,Abbottabad
2020-04-19,0,0,5,Local - Social Contact,Khyber Pakhtunkhwa,Hangu
2020-04-19,0,0,3,Local - Social Contact,Khyber Pakhtunkhwa,Haripur
2020-04-19,0,0,2,Local - Social Contact,Khyber Pakhtunkhwa,Kohat
2020-04-19,0,0,1,Local - Social Contact,Khyber Pakhtunkhwa,Lakki Marwat
2020-04-19,0,0,4,Local - Social Contact,Khyber Pakhtunkhwa,Shangla
2020-04-19,0,0,3,Local - Social Contact,Khyber Pakhtunkhwa,Swabi
2020-04-19,0,0,8,Local - Social Contact,Khyber Pakhtunkhwa,Charsadda
2020-04-19,0,0,15,Local - Social Contact,Khyber Pakhtunkhwa,Buner
2020-04-19,0,0,4,Local - Social Contact,Khyber Pakhtunkhwa,Bannu
2020-04-19,0,0,29,Tableeghi Jamaat,Punjab,Lahore
2020-04-19,3,0,0,Jail,Punjab,Lahore
2020-04-19,36,0,0,Local - Social Contact,Punjab,Lahore
2020-04-19,3,0,0,Local - Social Contact,Punjab,Multan
2020-04-19,0,0,4,Local - Social Contact,Punjab,Gujrat
2020-04-19,15,0,0,Local - Social Contact,Punjab,Gujranwala
2020-04-19,32,0,0,Local - Social Contact,Punjab,Rawalpindi
2020-04-19,1,0,0,Local - Social Contact,Punjab,Narowal
2020-04-19,2,0,0,Local - Social Contact,Punjab,Rahim Yar Khan
2020-04-19,29,0,0,Local - Social Contact,Punjab,Sargodha
2020-04-19,13,0,0,Local - Social Contact,Punjab,Attock
2020-04-19,1,0,0,Local - Social Contact,Punjab,Sahewal
2020-04-19,23,0,0,Local - Social Contact,Punjab,Sialkot
2020-04-19,0,0,1,Local - Social Contact,Punjab,Hafizabad
2020-04-19,7,0,0,Local - Social Contact,Punjab,Nankana
2020-04-19,0,0,4,Local - Social Contact,Punjab,Bahawalpur
2020-04-19,76,0,0,Local - Social Contact,Punjab,Lodhran
2020-04-19,5,0,0,Local - Social Contact,Punjab,Khanewal
2020-04-19,5,0,0,Local - Social Contact,Punjab,Toba Tek Singh
2020-04-19,3,0,0,Local - Social Contact,Punjab,Sheikhupura
2020-04-19,1,0,0,Local - Social Contact,Punjab,Bhakhar
2020-04-19,182,8,0,Unknown,Sindh,Karachi
2020-04-19,3,0,0,Local - Social Contact,Sindh,Umerkot
2020-04-19,2,0,0,Local - Social Contact,Sindh,Shikarpur
2020-04-19,10,0,0,Local - Social Contact,Sindh,Jacobabad
2020-04-20,33,1,0,Local - Social Contact,Baluchistan,Quetta
2020-04-20,18,0,0,Local - Social Contact,Gilgit-Baltistan,Gilgit
2020-04-20,10,1,0,Local - Social Contact,Islamabad Capital Territory,Islamabad
2020-04-20,98,5,11,Local - Social Contact,Khyber Pakhtunkhwa,Peshawar
2020-04-20,0,1,0,Local - Social Contact,Khyber Pakhtunkhwa,Kohat
2020-04-20,0,2,0,Local - Social Contact,Khyber Pakhtunkhwa,Kurrum
2020-04-20,0,2,0,Local - Social Contact,Khyber Pakhtunkhwa,Mansehra
2020-04-20,0,0,4,Local - Social Contact,Khyber Pakhtunkhwa,Dera Ismail Khan
2020-04-20,0,0,15,Local - Social Contact,Khyber Pakhtunkhwa,Swat
2020-04-20,0,0,17,Local - Social Contact,Khyber Pakhtunkhwa,Mardan
2020-04-20,0,0,5,Local - Social Contact,Khyber Pakhtunkhwa,Abbottabad
2020-04-20,334,1,0,Local - Social Contact,Punjab,Lahore
2020-04-20,150,5,10,Local - Social Contact,Sindh,Karachi
2020-04-20,57,0,0,Unknown,Sindh,Larkana
2020-04-20,6,0,0,Jail,Sindh,Karachi
2020-04-20,1,0,0,Local - Social Contact,Sindh,Dadu
2020-04-21,1,0,0,Local - Social Contact,Azad Jummu Kashmir,Muzaffarabad
2020-04-21,31,0,0,Local - Social Contact,Baluchistan,Quetta
2020-04-21,1,0,4,Local - Social Contact,Federal Administration Tribal Area,Khyber
2020-04-21,5,0,0,Local - Social Contact,Federal Administration Tribal Area,Kurrum
2020-04-21,1,0,0,Local - Social Contact,Federal Administration Tribal Area,North Waziristan
2020-04-21,2,0,3,Local - Social Contact,Gilgit-Baltistan,Gilgit
2020-04-21,4,0,0,Local - Social Contact,Islamabad Capital Territory,Islamabad
2020-04-21,0,0,0,Local - Social Contact,Khyber Pakhtunkhwa,Peshawar
2020-04-21,69,0,1,Local - Social Contact,Khyber Pakhtunkhwa,Karak
2020-04-21,0,0,7,Local - Social Contact,Khyber Pakhtunkhwa,Dir Lower
2020-04-21,0,0,8,Local - Social Contact,Khyber Pakhtunkhwa,Dir Upper
2020-04-21,26,5,2,Local - Social Contact,Khyber Pakhtunkhwa,Peshawar
2020-04-21,2,0,0,Afghanistan,Khyber Pakhtunkhwa,Peshawar
2020-04-21,4,0,0,Local - Social Contact,Khyber Pakhtunkhwa,Charsadda
2020-04-21,1,0,9,Local - Social Contact,Khyber Pakhtunkhwa,Nowshera
2020-04-21,8,1,0,Local - Social Contact,Khyber Pakhtunkhwa,Mardan
2020-04-21,0,1,0,Local - Social Contact,Khyber Pakhtunkhwa,Swabi
2020-04-21,2,0,0,Local - Social Contact,Khyber Pakhtunkhwa,Bannu
2020-04-21,1,0,0,Local - Social Contact,Khyber Pakhtunkhwa,Dir Lower
2020-04-21,2,0,0,Local - Social Contact,Khyber Pakhtunkhwa,Dir Upper
2020-04-21,11,0,0,Local - Social Contact,Khyber Pakhtunkhwa,Malakand
2020-04-21,2,0,0,Local - Social Contact,Khyber Pakhtunkhwa,Kohat
2020-04-21,1,0,0,Local - Social Contact,Khyber Pakhtunkhwa,Lakki Marwat
2020-04-21,0,2,0,Local - Social Contact,Khyber Pakhtunkhwa,Swat
2020-04-21,217,9,39,Unknown,Punjab,Lahore
2020-04-21,286,5,30,Local - Social Contact,Sindh,Karachi
2020-04-22,1,0,0,Local - Social Contact,Azad Jummu Kashmir,Muzaffarabad
2020-04-22,56,0,0,Local - Social Contact,Baluchistan,Quetta
2020-04-22,7,0,3,Local - Social Contact,Gilgit-Baltistan,Gilgit
2020-04-22,9,0,0,Local - Social Contact,Islamabad Capital Territory,Islamabad
2020-04-22,2,0,0,Afghanistan,Khyber Pakhtunkhwa,Peshawar
2020-04-22,2,0,0,Iran/Taftan,Khyber Pakhtunkhwa,Peshawar
2020-04-22,0,1,0,Local - Social Contact,Khyber Pakhtunkhwa,Charsadda
2020-04-22,2,0,0,Local - Social Contact,Khyber Pakhtunkhwa,Nowshera
2020-04-22,29,0,0,Local - Social Contact,Khyber Pakhtunkhwa,Swat
2020-04-22,1,0,0,Local - Social Contact,Khyber Pakhtunkhwa,Buner
2020-04-22,2,0,0,Local - Social Contact,Khyber Pakhtunkhwa,Dir Lower
2020-04-22,17,0,0,Local - Social Contact,Khyber Pakhtunkhwa,Malakand
2020-04-22,2,0,0,Local - Social Contact,Khyber Pakhtunkhwa,Mansehra
2020-04-22,6,0,0,Local - Social Contact,Khyber Pakhtunkhwa,Battagram
2020-04-22,2,0,0,Local - Social Contact,Khyber Pakhtunkhwa,Karak
2020-04-22,1,0,0,Local - Social Contact,Khyber Pakhtunkhwa,Kurrum
2020-04-22,39,0,0,Local - Social Contact,Khyber Pakhtunkhwa,Peshawar
2020-04-22,1,0,0,Local - Social Contact,Khyber Pakhtunkhwa,Bannu
2020-04-22,1,1,0,Local - Social Contact,Khyber Pakhtunkhwa,Mardan
2020-04-22,1,1,0,Local - Social Contact,Khyber Pakhtunkhwa,Swat
2020-04-22,1,0,0,Local - Social Contact,Khyber Pakhtunkhwa,Peshawar
2020-04-22,1,0,0,Local - Social Contact,Khyber Pakhtunkhwa,Shangla
2020-04-22,262,7,0,Unknown,Punjab,Lahore
2020-04-22,2,0,5,Local - Social Contact,Sindh,Larkana
2020-04-22,78,0,0,Tableeghi Jamaat,Sindh,Khairpur
2020-04-22,12,0,10,Local - Social Contact,Sindh,Tando M. Khan
2020-04-22,10,0,0,Local - Social Contact,Sindh,Jamshoro
2020-04-22,6,0,0,Local - Social Contact,Sindh,Badin
2020-04-22,2,0,0,Local - Social Contact,Sindh,Sanghar
2020-04-22,4,0,0,Local - Social Contact,Sindh,Thatta
2020-04-22,38,0,18,Local - Social Contact,Sindh,Hyderabad
2020-04-22,155,2,32,Local - Social Contact,Sindh,Karachi
2020-04-22,15,1,0,Local - Social Contact,Sindh,Sukkur
2020-04-23,4,0,0,Local - Social Contact,Azad Jummu Kashmir,Muzaffarabad
2020-04-23,55,0,0,Unknown,Baluchistan,Quetta
2020-04-23,10,0,0,Local - Social Contact,Gilgit-Baltistan,Gilgit
2020-04-23,10,0,0,Local - Social Contact,Islamabad Capital Territory,Islamabad
2020-04-23,14,1,3,Local - Social Contact,Khyber Pakhtunkhwa,Peshawar
2020-04-23,7,1,5,Local - Social Contact,Khyber Pakhtunkhwa,Charsadda
2020-04-23,1,0,0,Local - Social Contact,Khyber Pakhtunkhwa,Nowshera
2020-04-23,0,0,6,Local - Social Contact,Khyber Pakhtunkhwa,Khyber
2020-04-23,0,0,0,Local - Social Contact,Khyber Pakhtunkhwa,Mohmand
2020-04-23,1,0,10,Local - Social Contact,Khyber Pakhtunkhwa,Mardan
2020-04-23,0,0,2,Local - Social Contact,Khyber Pakhtunkhwa,Swabi
2020-04-23,3,0,10,Local - Social Contact,Khyber Pakhtunkhwa,Swat
2020-04-23,4,0,11,Local - Social Contact,Khyber Pakhtunkhwa,Buner
2020-04-23,3,0,2,Local - Social Contact,Khyber Pakhtunkhwa,Dir Lower
2020-04-23,0,0,25,Local - Social Contact,Khyber Pakhtunkhwa,Dir Upper
2020-04-23,4,0,4,Local - Social Contact,Khyber Pakhtunkhwa,Shangla
2020-04-23,6,0,0,Local - Social Contact,Khyber Pakhtunkhwa,Malakand
2020-04-23,0,0,0,Local - Social Contact,Khyber Pakhtunkhwa,Chitral Lower
2020-04-23,0,0,0,Local - Social Contact,Khyber Pakhtunkhwa,Chitral Upper
2020-04-23,3,0,0,Local - Social Contact,Khyber Pakhtunkhwa,Bajaur
2020-04-23,2,0,1,Local - Social Contact,Khyber Pakhtunkhwa,Mansehra
2020-04-23,0,0,1,Local - Social Contact,Khyber Pakhtunkhwa,Abbottabad
2020-04-23,0,0,0,Local - Social Contact,Khyber Pakhtunkhwa,Haripur
2020-04-23,0,0,0,Local - Social Contact,Khyber Pakhtunkhwa,Torghar
2020-04-23,1,0,0,Local - Social Contact,Khyber Pakhtunkhwa,Kohistan Upper
2020-04-23,0,0,0,Local - Social Contact,Khyber Pakhtunkhwa,Kohistan Lower
2020-04-23,0,0,0,Local - Social Contact,Khyber Pakhtunkhwa,Kolai Pallas
2020-04-23,1,0,0,Local - Social Contact,Khyber Pakhtunkhwa,Battagram
2020-04-23,2,0,15,Local - Social Contact,Khyber Pakhtunkhwa,Kohat
2020-04-23,0,0,4,Local - Social Contact,Khyber Pakhtunkhwa,Hangu
2020-04-23,2,0,2,Local - Social Contact,Khyber Pakhtunkhwa,Karak
2020-04-23,0,0,0,Local - Social Contact,Khyber Pakhtunkhwa,Kurrum
2020-04-23,0,0,2,Local - Social Contact,Khyber Pakhtunkhwa,Orakzai
2020-04-23,0,0,11,Local - Social Contact,Khyber Pakhtunkhwa,Bannu
2020-04-23,0,0,0,Local - Social Contact,Khyber Pakhtunkhwa,Lakki Marwat
2020-04-23,0,0,1,Local - Social Contact,Khyber Pakhtunkhwa,North Waziristan
2020-04-23,2,0,2,Local - Social Contact,Khyber Pakhtunkhwa,Dera Ismail Khan
2020-04-23,0,0,0,Local - Social Contact,Khyber Pakhtunkhwa,Tank
2020-04-23,0,0,1,Local - Social Contact,Khyber Pakhtunkhwa,South Waziristan
2020-04-23,23,0,0,Afghanistan,Khyber Pakhtunkhwa,Peshawar
2020-04-23,8,0,0,International Passenger,Khyber Pakhtunkhwa,Peshawar
2020-04-23,177,2,115,Unknown,Punjab,Lahore
2020-04-23,242,3,0,Local - Social Contact,Sindh,Karachi
2020-04-23,1,0,0,Local - Social Contact,Sindh,Khairpur
2020-04-23,14,1,0,Local - Social Contact,Sindh,Shaheed Benazirabad
2020-04-23,1,0,0,Local - Social Contact,Sindh,Sujawal
2020-04-23,1,0,0,Local - Social Contact,Sindh,Sanghar
2020-04-23,1,0,0,Local - Social Contact,Sindh,Ghotki
2020-04-23,25,0,8,Local - Social Contact,Sindh,Sukkur
2020-04-23,11,0,1,Local - Social Contact,Sindh,Larkana
2020-04-23,1,0,1,Local - Social Contact,Sindh,Dadu
2020-04-23,1,0,1,Local - Social Contact,Sindh,Jacobabad
2020-04-23,0,0,17,Local - Social Contact,Sindh,Hyderabad
2020-04-23,0,0,5,Local - Social Contact,Sindh,Tando M. Khan
2020-04-24,49,2,0,Local - Social Contact,Baluchistan,Quetta
2020-04-24,7,0,0,Local - Social Contact,Gilgit-Baltistan,Gilgit
2020-04-24,10,0,0,Local - Social Contact,Islamabad Capital Territory,Islamabad
2020-04-24,0,0,56,International Passenger,Khyber Pakhtunkhwa,Peshawar
2020-04-24,66,4,7,Local - Social Contact,Khyber Pakhtunkhwa,Peshawar
2020-04-24,4,0,1,Local - Social Contact,Khyber Pakhtunkhwa,Charsadda
2020-04-24,4,0,1,Local - Social Contact,Khyber Pakhtunkhwa,Nowshera
2020-04-24,7,0,0,Local - Social Contact,Khyber Pakhtunkhwa,Mardan
2020-04-24,0,0,2,Local - Social Contact,Khyber Pakhtunkhwa,Swabi
2020-04-24,2,0,0,Local - Social Contact,Khyber Pakhtunkhwa,Swat
2020-04-24,6,0,1,Local - Social Contact,Khyber Pakhtunkhwa,Buner
2020-04-24,4,0,2,Local - Social Contact,Khyber Pakhtunkhwa,Dir Lower
2020-04-24,1,0,0,Local - Social Contact,Khyber Pakhtunkhwa,Dir Upper
2020-04-24,7,0,0,Local - Social Contact,Khyber Pakhtunkhwa,Shangla
2020-04-24,0,0,0,Local - Social Contact,Khyber Pakhtunkhwa,Malakand
2020-04-24,1,0,0,Local - Social Contact,Khyber Pakhtunkhwa,Chitral Lower
2020-04-24,0,0,0,Local - Social Contact,Khyber Pakhtunkhwa,Chitral Upper
2020-04-24,0,0,0,Local - Social Contact,Khyber Pakhtunkhwa,Bajaur
2020-04-24,6,0,2,Local - Social Contact,Khyber Pakhtunkhwa,Mansehra
2020-04-24,3,0,0,Local - Social Contact,Khyber Pakhtunkhwa,Abbottabad
2020-04-24,84,3,20,Unknown,Punjab,Lahore
2020-04-24,243,2,24,Local - Social Contact,Sindh,Karachi
2020-04-24,8,0,0,Local - Social Contact,Sindh,Shaheed Benazirabad
2020-04-24,1,0,0,Local - Social Contact,Sindh,Badin
2020-04-24,1,0,0,Local - Social Contact,Sindh,Sanghar
2020-04-24,1,0,0,Local - Social Contact,Sindh,Tando Alahyar
2020-04-24,14,0,0,Local - Social Contact,Sindh,Sukkur
2020-04-24,1,0,0,Local - Social Contact,Sindh,Khairpur
2020-04-24,3,0,0,Local - Social Contact,Sindh,Larkana
2020-04-24,1,0,0,Local - Social Contact,Sindh,Kambar Shahdadkot
2020-04-24,0,0,18,Unknown,Sindh,Hyderabad
2020-04-25,65,2,0,Unknown,Baluchistan,Quetta
2020-04-25,1,0,0,Local - Social Contact,Gilgit-Baltistan,Gilgit
2020-04-25,9,0,0,Local - Social Contact,Islamabad Capital Territory,Islamabad
2020-04-25,41,4,7,Local - Social Contact,Khyber Pakhtunkhwa,Peshawar
2020-04-25,1,0,0,Local - Social Contact,Khyber Pakhtunkhwa,Charsadda
2020-04-25,2,0,0,Local - Social Contact,Khyber Pakhtunkhwa,Nowshera
2020-04-25,3,0,0,Local - Social Contact,Khyber Pakhtunkhwa,Mardan
2020-04-25,15,0,0,Local - Social Contact,Khyber Pakhtunkhwa,Swat
2020-04-25,8,0,0,Local - Social Contact,Khyber Pakhtunkhwa,Malakand
2020-04-25,2,0,0,Local - Social Contact,Khyber Pakhtunkhwa,Chitral Lower
2020-04-25,1,0,0,Local - Social Contact,Khyber Pakhtunkhwa,Chitral Upper
2020-04-25,3,0,0,Local - Social Contact,Khyber Pakhtunkhwa,Haripur
2020-04-25,6,0,0,Local - Social Contact,Khyber Pakhtunkhwa,Battagram
2020-04-25,1,0,1,Local - Social Contact,Khyber Pakhtunkhwa,Bannu
2020-04-25,0,0,1,Local - Social Contact,Khyber Pakhtunkhwa,Buner
2020-04-25,0,0,1,Local - Social Contact,Khyber Pakhtunkhwa,Dir Lower
2020-04-25,0,0,1,Local - Social Contact,Khyber Pakhtunkhwa,Mansehra
2020-04-25,0,0,1,Local - Social Contact,Khyber Pakhtunkhwa,Kohat
2020-04-25,0,0,1,Local - Social Contact,Khyber Pakhtunkhwa,Hangu
2020-04-25,2,0,0,Afghanistan,Khyber Pakhtunkhwa,Peshawar
2020-04-25,475,5,0,Unknown,Punjab,Lahore
2020-04-25,217,3,20,Local - Social Contact,Sindh,Karachi
2020-04-25,13,0,0,Local - Social Contact,Sindh,Hyderabad
2020-04-25,1,0,0,Local - Social Contact,Sindh,Badin
2020-04-25,2,0,0,Local - Social Contact,Sindh,Shaheed Benazirabad
2020-04-25,6,0,0,Local - Social Contact,Sindh,Sanghar
2020-04-25,1,0,0,Local - Social Contact,Sindh,Tando M. Khan
2020-04-25,1,0,0,Local - Social Contact,Sindh,Tando Alahyar
2020-04-25,2,0,0,Local - Social Contact,Sindh,Ghotki
2020-04-25,12,0,0,Local - Social Contact,Sindh,Sukkur
2020-04-25,17,0,0,Local - Social Contact,Sindh,Larkana
2020-04-25,2,0,0,Local - Social Contact,Sindh,Kambar Shahdadkot
2020-04-25,2,0,0,Local - Social Contact,Sindh,Mirpurkhas
2020-04-25,11,0,0,Local - Social Contact,Sindh,Shikarpur
2020-04-26,4,0,0,Local - Social Contact,Azad Jummu Kashmir,Muzaffarabad
2020-04-26,60,1,0,Unknown,Baluchistan,Quetta
2020-04-26,10,0,0,Local - Social Contact,Gilgit-Baltistan,Gilgit
2020-04-26,12,0,0,Local - Social Contact,Islamabad Capital Territory,Islamabad
2020-04-26,71,5,0,Unknown,Khyber Pakhtunkhwa,Peshawar
2020-04-26,120,3,0,Unknown,Punjab,Lahore
2020-04-26,340,3,48,Local - Social Contact,Sindh,Karachi
2020-04-26,7,0,0,Local - Social Contact,Sindh,Hyderabad
2020-04-26,1,0,8,Local - Social Contact,Sindh,Jamshoro
2020-04-26,2,0,0,Local - Social Contact,Sindh,Badin
2020-04-26,4,0,0,Local - Social Contact,Sindh,Naushero Feroz
2020-04-26,2,0,0,Local - Social Contact,Sindh,Thatta
2020-04-26,1,0,0,Local - Social Contact,Sindh,Sanghar
2020-04-26,2,0,6,Local - Social Contact,Sindh,Tando Alahyar
2020-04-26,17,0,0,Local - Social Contact,Sindh,Sukkur
2020-04-26,2,0,0,Local - Social Contact,Sindh,Khairpur
2020-04-26,1,0,0,Local - Social Contact,Sindh,Larkana
2020-04-26,1,0,0,Local - Social Contact,Sindh,Dadu
2020-04-26,2,0,0,Local - Social Contact,Sindh,Matiari
2020-04-26,1,0,0,Local - Social Contact,Sindh,Mirpurkhas
2020-04-27,72,3,9,Unknown,Baluchistan,Quetta
2020-04-27,2,0,0,Local - Social Contact,Gilgit-Baltistan,Gilgit
2020-04-27,10,0,0,Local - Social Contact,Islamabad Capital Territory,Islamabad
2020-04-27,3,0,1,Local - Social Contact,Khyber Pakhtunkhwa,Nowshera
2020-04-27,51,4,0,Local - Social Contact,Khyber Pakhtunkhwa,Peshawar
2020-04-27,6,1,0,Local - Social Contact,Khyber Pakhtunkhwa,Malakand
2020-04-27,2,1,0,Local - Social Contact,Khyber Pakhtunkhwa,Bajaur
2020-04-27,1,0,0,Local - Social Contact,Khyber Pakhtunkhwa,Charsadda
2020-04-27,4,0,0,Local - Social Contact,Khyber Pakhtunkhwa,Mardan
2020-04-27,3,0,0,Local - Social Contact,Khyber Pakhtunkhwa,Swat
2020-04-27,8,0,0,Local - Social Contact,Khyber Pakhtunkhwa,Buner
2020-04-27,7,0,0,Local - Social Contact,Khyber Pakhtunkhwa,Dir Lower
2020-04-27,5,0,0,Local - Social Contact,Khyber Pakhtunkhwa,Dir Upper
2020-04-27,5,0,0,Local - Social Contact,Khyber Pakhtunkhwa,Chitral Lower
2020-04-27,2,0,0,Local - Social Contact,Khyber Pakhtunkhwa,Chitral Upper
2020-04-27,9,0,0,Local - Social Contact,Khyber Pakhtunkhwa,Mansehra
2020-04-27,7,0,0,Local - Social Contact,Khyber Pakhtunkhwa,Battagram
2020-04-27,2,0,0,Local - Social Contact,Khyber Pakhtunkhwa,Kurram
2020-04-27,5,0,0,Local - Social Contact,Khyber Pakhtunkhwa,Bannu
2020-04-27,194,10,0,Local - Social Contact,Punjab,Lahore
2020-04-27,275,4,17,Local - Social Contact,Sindh,Karachi
2020-04-27,12,0,0,Local - Social Contact,Sindh,Hyderabad
2020-04-27,0,0,3,Local - Social Contact,Sindh,Jamshoro
2020-04-27,0,0,1,Local - Social Contact,Sindh,Badin
2020-04-27,0,0,6,Local - Social Contact,Sindh,Shaheed Benazirabad
2020-04-27,0,0,1,Local - Social Contact,Sindh,Naushero Feroz
2020-04-27,0,0,1,Local - Social Contact,Sindh,Sujawal
2020-04-27,1,0,3,Local - Social Contact,Sindh,Thatta
2020-04-27,0,0,2,Local - Social Contact,Sindh,Sanghar
2020-04-27,0,0,2,Local - Social Contact,Sindh,Tando M. Khan
2020-04-27,8,0,2,Local - Social Contact,Sindh,Ghotki
2020-04-27,4,0,0,Local - Social Contact,Sindh,Sukkur
2020-04-27,23,0,2,Local - Social Contact,Sindh,Khairpur
2020-04-27,12,0,2,Local - Social Contact,Sindh,Larkana
2020-04-27,3,0,10,Local - Social Contact,Sindh,Dadu
2020-04-27,0,0,1,Local - Social Contact,Sindh,Umerkot
2020-04-27,2,0,0,Local - Social Contact,Sindh,Matiari
2020-04-27,1,0,0,Local - Social Contact,Sindh,Jacobabad
2020-04-28,6,0,0,Local - Social Contact,Azad Jummu Kashmir,Muzaffarabad
2020-04-28,10,0,0,Local - Social Contact,Gilgit-Baltistan,Gilgit
2020-04-28,16,0,0,Local - Social Contact,Islamabad Capital Territory,Islamabad
2020-04-28,176,0,0,Local - Social Contact,Khyber Pakhtunkhwa,Peshawar
2020-04-28,187,5,0,Local - Social Contact,Punjab,Lahore
2020-04-28,335,0,0,Local - Social Contact,Sindh,Karachi
2020-04-29,121,0,0,Local - Social Contact,Baluchistan,Quetta
2020-04-29,3,0,0,Local - Social Contact,Gilgit-Baltistan,Gilgit
2020-04-29,36,0,0,Local - Social Contact,Islamabad Capital Territory,Islamabad
2020-04-29,153,8,0,Local - Social Contact,Khyber Pakhtunkhwa,Peshawar
2020-04-29,234,3,0,Local - Social Contact,Punjab,Lahore
2020-04-29,337,8,208,Local - Social Contact,Sindh,Karachi
2020-04-29,9,0,0,Local - Social Contact,Sindh,Hyderabad
2020-04-29,7,0,0,Local - Social Contact,Sindh,Shaheed Benazirabad
2020-04-29,14,0,0,Local - Social Contact,Sindh,Sukkur
2020-04-29,13,0,0,Local - Social Contact,Sindh,Khairpur
2020-04-29,13,0,0,Local - Social Contact,Sindh,Larkana
2020-04-29,1,0,0,Local - Social Contact,Sindh,Dadu
2020-04-29,7,0,0,Local - Social Contact,Sindh,Shikarpur
2020-04-30,1,0,0,Local - Social Contact,Azad Jummu Kashmir,Muzaffarabad
2020-04-30,75,0,0,Local - Social Contact,Baluchistan,Quetta
2020-04-30,6,0,0,Local - Social Contact,Gilgit-Baltistan,Gilgit
2020-04-30,16,0,0,Local - Social Contact,Islamabad Capital Territory,Islamabad
2020-04-30,279,3,0,Local - Social Contact,Punjab,Lahore
2020-04-30,229,12,0,Local - Social Contact,Sindh,Karachi
2020-04-30,5,0,0,Local - Social Contact,Sindh,Hyderabad
2020-04-30,1,0,0,Local - Social Contact,Sindh,Jamshoro
2020-04-30,1,0,0,Local - Social Contact,Sindh,Thatta
2020-04-30,1,0,0,Local - Social Contact,Sindh,Naushero Feroz
2020-04-30,4,0,0,Local - Social Contact,Sindh,Sanghar
2020-04-30,3,0,0,Local - Social Contact,Sindh,Sukkur
2020-04-30,6,0,0,Local - Social Contact,Sindh,Dadu
2020-04-30,1,0,0,Local - Social Contact,Sindh,Matiari
2020-04-30,1,0,0,Local - Social Contact,Sindh,Mirpurkhas
2020-04-30,34,0,0,Local - Social Contact,Sindh,Shikarpur
2020-04-30,2,0,0,Local - Social Contact,Sindh,Jacobabad
2020-05-01,86,2,0,Local - Social Contact,Baluchistan,Quetta
2020-05-01,1,0,0,Local - Social Contact,Baluchistan,Pishin
2020-05-01,1,0,5,Local - Social Contact,Gilgit-Baltistan,Gilgit
2020-05-01,0,0,1,Local - Social Contact,Gilgit-Baltistan,Gilgit
2020-05-01,0,0,1,Local - Social Contact,Gilgit-Baltistan,Gilgit
2020-05-01,30,0,0,Local - Social Contact,Islamabad Capital Territory,Islamabad
2020-05-01,248,15,40,Local - Social Contact,Khyber Pakhtunkhwa,Peshawar
2020-05-01,3,0,0,Local - Social Contact,Khyber Pakhtunkhwa,Charsadda
2020-05-01,5,0,0,Local - Social Contact,Khyber Pakhtunkhwa,Nowshera
2020-05-01,0,0,0,Local - Social Contact,Khyber Pakhtunkhwa,Khyber
2020-05-01,0,0,0,Local - Social Contact,Khyber Pakhtunkhwa,Mohmand
2020-05-01,1,0,0,Local - Social Contact,Khyber Pakhtunkhwa,Mardan
2020-05-01,2,0,0,Local - Social Contact,Khyber Pakhtunkhwa,Swabi
2020-05-01,17,0,0,Local - Social Contact,Khyber Pakhtunkhwa,Swat
2020-05-01,1,0,0,Local - Social Contact,Khyber Pakhtunkhwa,Buner
2020-05-01,6,0,0,Local - Social Contact,Khyber Pakhtunkhwa,Dir Lower
2020-05-01,0,0,0,Local - Social Contact,Khyber Pakhtunkhwa,Dir Upper
2020-05-01,3,0,0,Local - Social Contact,Khyber Pakhtunkhwa,Shangla
2020-05-01,16,0,0,Local - Social Contact,Khyber Pakhtunkhwa,Malakand
2020-05-01,2,0,0,Local - Social Contact,Khyber Pakhtunkhwa,Chitral Lower
2020-05-01,0,0,0,Local - Social Contact,Khyber Pakhtunkhwa,Chitral
2020-05-01,0,0,0,Local - Social Contact,Khyber Pakhtunkhwa,Bajaur
2020-05-01,1,0,0,Local - Social Contact,Khyber Pakhtunkhwa,Mansehra
2020-05-01,2,0,0,Local - Social Contact,Khyber Pakhtunkhwa,Abbottabad
2020-05-01,0,0,0,Local - Social Contact,Khyber Pakhtunkhwa,Haripur
2020-05-01,0,0,0,Local - Social Contact,Khyber Pakhtunkhwa,Torghar
2020-05-01,0,0,0,Local - Social Contact,Khyber Pakhtunkhwa,Kohistan Upper
2020-05-01,0,0,0,Local - Social Contact,Khyber Pakhtunkhwa,Kohistan Lower
2020-05-01,0,0,0,Local - Social Contact,Khyber Pakhtunkhwa,Kolai Pallas
2020-05-01,1,0,0,Local - Social Contact,Khyber Pakhtunkhwa,Battagram
2020-05-01,1,0,0,Local - Social Contact,Khyber Pakhtunkhwa,Kohat
2020-05-01,0,0,0,Local - Social Contact,Khyber Pakhtunkhwa,Hangu
2020-05-01,4,0,0,Local - Social Contact,Khyber Pakhtunkhwa,Karak
2020-05-01,3,0,0,Local - Social Contact,Khyber Pakhtunkhwa,Kurram
2020-05-01,0,0,0,Local - Social Contact,Khyber Pakhtunkhwa,Orakzai
2020-05-01,14,0,0,Local - Social Contact,Khyber Pakhtunkhwa,Bannu
2020-05-01,0,0,0,Local - Social Contact,Khyber Pakhtunkhwa,Lakki Marwat
2020-05-01,0,0,0,Local - Social Contact,Khyber Pakhtunkhwa,North Waziristan
2020-05-01,0,0,0,Local - Social Contact,Khyber Pakhtunkhwa,Dera Ismail Khan
2020-05-01,0,0,0,Local - Social Contact,Khyber Pakhtunkhwa,Tank
2020-05-01,0,0,0,Local - Social Contact,Khyber Pakhtunkhwa,South Waziristan
2020-05-01,446,6,73,Local - Social Contact,Sindh,Karachi
2020-05-01,176,0,0,Local - Social Contact,Sindh,Karachi
2020-05-02,35,0,0,Local - Social Contact,Baluchistan,Quetta
2020-05-02,1,0,0,Local - Social Contact,Baluchistan,Ziarat
2020-05-02,16,0,5,Local - Social Contact,Gilgit-Baltistan,Gilgit
2020-05-02,22,0,0,Local - Social Contact,Islamabad Capital Territory,Islamabad
2020-05-02,57,9,38,Local - Social Contact,Khyber Pakhtunkhwa,Peshawar
2020-05-02,1,0,0,Local - Social Contact,Khyber Pakhtunkhwa,Charsadda
2020-05-02,1,1,0,Local - Social Contact,Khyber Pakhtunkhwa,Nowshera
2020-05-02,0,0,0,Local - Social Contact,Khyber Pakhtunkhwa,Khyber
2020-05-02,0,0,0,Local - Social Contact,Khyber Pakhtunkhwa,Mohmand
2020-05-02,0,0,0,Local - Social Contact,Khyber Pakhtunkhwa,Mardan
2020-05-02,6,0,0,Local - Social Contact,Khyber Pakhtunkhwa,Swabi
2020-05-02,3,1,0,Local - Social Contact,Khyber Pakhtunkhwa,Swat
2020-05-02,0,0,0,Local - Social Contact,Khyber Pakhtunkhwa,Buner
2020-05-02,8,0,0,Local - Social Contact,Khyber Pakhtunkhwa,Dir Lower
2020-05-02,0,0,0,Local - Social Contact,Khyber Pakhtunkhwa,Dir Upper
2020-05-02,0,0,0,Local - Social Contact,Khyber Pakhtunkhwa,Shangla
2020-05-02,14,0,0,Local - Social Contact,Khyber Pakhtunkhwa,Malakand
2020-05-02,2,0,0,Local - Social Contact,Khyber Pakhtunkhwa,Chitral Lower
2020-05-02,1,0,0,Local - Social Contact,Khyber Pakhtunkhwa,Chitral Upper
2020-05-02,1,0,0,Local - Social Contact,Khyber Pakhtunkhwa,Bajaur
2020-05-02,0,0,0,Local - Social Contact,Khyber Pakhtunkhwa,Mansehra
2020-05-02,7,0,0,Local - Social Contact,Khyber Pakhtunkhwa,Abbottabad
2020-05-02,0,0,0,Local - Social Contact,Khyber Pakhtunkhwa,Haripur
2020-05-02,0,0,0,Local - Social Contact,Khyber Pakhtunkhwa,Tor  Ghar
2020-05-02,0,0,0,Local - Social Contact,Khyber Pakhtunkhwa,Kohistan Upper
2020-05-02,0,0,0,Local - Social Contact,Khyber Pakhtunkhwa,Kohistan Lower
2020-05-02,0,0,0,Local - Social Contact,Khyber Pakhtunkhwa,Kolai Pallas
2020-05-02,0,0,0,Local - Social Contact,Khyber Pakhtunkhwa,Battagram
2020-05-02,0,0,0,Local - Social Contact,Khyber Pakhtunkhwa,Kohat
2020-05-02,0,0,0,Local - Social Contact,Khyber Pakhtunkhwa,Hangu
2020-05-02,2,0,0,Local - Social Contact,Khyber Pakhtunkhwa,Karak
2020-05-02,1,0,0,Local - Social Contact,Khyber Pakhtunkhwa,Kurram
2020-05-02,1,0,0,Local - Social Contact,Khyber Pakhtunkhwa,Orakzai
2020-05-02,1,0,0,Local - Social Contact,Khyber Pakhtunkhwa,Bannu
2020-05-02,0,0,0,Local - Social Contact,Khyber Pakhtunkhwa,Lakki Marwat
2020-05-02,0,0,0,Local - Social Contact,Khyber Pakhtunkhwa,North Waziristan
2020-05-02,2,0,0,Local - Social Contact,Khyber Pakhtunkhwa,Dira Ismail Khan
2020-05-02,0,0,0,Local - Social Contact,Khyber Pakhtunkhwa,Tank
2020-05-02,0,0,0,Local - Social Contact,Khyber Pakhtunkhwa,South Waziristan
2020-05-02,514,9,0,Local - Social Contact,Punjab,Lahore
2020-05-02,427,4,0,Local - Social Contact,Sindh,Karachi
2020-05-03,5,0,0,Local - Social Contact,Azad Jummu Kashmir,Mirpur
2020-05-03,44,5,0,Local - Social Contact,Baluchistan,Quetta
2020-05-03,2,0,0,Local - Social Contact,Baluchistan,Pishin
2020-05-03,8,0,0,Local - Social Contact,Gilgit-Baltistan,Gilgit
2020-05-03,28,0,0,Local - Social Contact,Islamabad Capital Territory,Islamabad
2020-05-03,222,8,0,Local - Social Contact,Khyber Pakhtunkhwa,Peshawar
2020-05-03,670,9,0,Local - Social Contact,Punjab,Lahore
2020-05-03,363,8,0,Local - Social Contact,Sindh,Karachi
2020-05-04,103,0,0,Local - Social Contact,Baluchistan,Quetta
2020-05-04,8,0,0,Local - Social Contact,Gilgit-Baltistan,Gilgit
2020-05-04,22,0,0,Local - Social Contact,Islamabad Capital Territory,Islamabad
2020-05-04,72,3,0,Local - Social Contact,Khyber Pakhtunkhwa,Peshawar
2020-05-04,0,0,0,Local - Social Contact,Khyber Pakhtunkhwa,Charsadda
2020-05-04,2,0,0,Local - Social Contact,Khyber Pakhtunkhwa,Nowshera
2020-05-04,12,0,0,Local - Social Contact,Khyber Pakhtunkhwa,Khyber
2020-05-04,0,0,0,Local - Social Contact,Khyber Pakhtunkhwa,Mohmand
2020-05-04,9,0,0,Local - Social Contact,Khyber Pakhtunkhwa,Mardan
2020-05-04,2,1,0,Local - Social Contact,Khyber Pakhtunkhwa,Swabi
2020-05-04,3,0,0,Local - Social Contact,Khyber Pakhtunkhwa,Swat
2020-05-04,0,0,0,Local - Social Contact,Khyber Pakhtunkhwa,Buner
2020-05-04,2,0,0,Local - Social Contact,Khyber Pakhtunkhwa,Dir Lower
2020-05-04,0,0,0,Local - Social Contact,Khyber Pakhtunkhwa,Dir Upper
2020-05-04,1,0,0,Local - Social Contact,Khyber Pakhtunkhwa,Shangla
2020-05-04,26,0,0,Local - Social Contact,Khyber Pakhtunkhwa,Malakand
2020-05-04,1,0,0,Local - Social Contact,Khyber Pakhtunkhwa,Chitral Lower
2020-05-04,0,0,0,Local - Social Contact,Khyber Pakhtunkhwa,Chitral Upper
2020-05-04,3,0,0,Local - Social Contact,Khyber Pakhtunkhwa,Bajaur
2020-05-04,0,0,0,Local - Social Contact,Khyber Pakhtunkhwa,Mansehra
2020-05-04,0,0,0,Local - Social Contact,Khyber Pakhtunkhwa,Abbottabad
2020-05-04,0,0,0,Local - Social Contact,Khyber Pakhtunkhwa,Haripur
2020-05-04,0,0,0,Local - Social Contact,Khyber Pakhtunkhwa,Torghar
2020-05-04,0,0,0,Local - Social Contact,Khyber Pakhtunkhwa,Kohistan Upper
2020-05-04,0,0,0,Local - Social Contact,Khyber Pakhtunkhwa,Kohistan Lower
2020-05-04,0,0,0,Local - Social Contact,Khyber Pakhtunkhwa,Kolai Pallas
2020-05-04,4,0,0,Local - Social Contact,Khyber Pakhtunkhwa,Battagram
2020-05-04,4,0,0,Local - Social Contact,Khyber Pakhtunkhwa,Kohat
2020-05-04,0,0,0,Local - Social Contact,Khyber Pakhtunkhwa,Hangu
2020-05-04,1,0,0,Local - Social Contact,Khyber Pakhtunkhwa,Karak
2020-05-04,1,0,0,Local - Social Contact,Khyber Pakhtunkhwa,Kurram
2020-05-04,0,0,0,Local - Social Contact,Khyber Pakhtunkhwa,Orakzai
2020-05-04,12,1,0,Local - Social Contact,Khyber Pakhtunkhwa,Bannu
2020-05-04,0,0,0,Local - Social Contact,Khyber Pakhtunkhwa,Lakki Marwat
2020-05-04,0,0,0,Local - Social Contact,Khyber Pakhtunkhwa,North Waziristan
2020-05-04,3,0,0,Local - Social Contact,Khyber Pakhtunkhwa,Dira Ismail Khan
2020-05-04,1,0,0,Local - Social Contact,Khyber Pakhtunkhwa,Tank
2020-05-04,0,0,0,Local - Social Contact,Khyber Pakhtunkhwa,South Waziristan
2020-05-04,122,12,0,Local - Social Contact,Punjab,Lahore
2020-05-04,638,7,0,Local - Social Contact,Sindh,Karachi
2020-05-05,0,0,0,Local - Social Contact,Azad Jummu Kashmir,Muzaffarabad
2020-05-05,174,0,0,Local - Social Contact,Baluchistan,Quetta
2020-05-05,14,0,3,Local - Social Contact,Gilgit-Baltistan,Gilgit
2020-05-05,2,0,0,Local - Social Contact,Gilgit-Baltistan,Hunza
2020-05-05,49,0,0,Local - Social Contact,Islamabad Capital Territory,Islamabad
2020-05-05,211,9,0,Local - Social Contact,Khyber Pakhtunkhwa,Peshawar
2020-05-05,487,8,0,Local - Social Contact,Punjab,Lahore
2020-05-05,86,11,42,Local - Social Contact,Sindh,Karachi
2020-05-06,5,0,0,Local - Social Contact,Azad Jummu Kashmir,Muzaffarabad
2020-05-06,168,0,0,Local - Social Contact,Baluchistan,Quetta
2020-05-06,1,0,0,Local - Social Contact,Gilgit-Baltistan,Skardu
2020-05-06,1,0,0,Local - Social Contact,Gilgit-Baltistan,Ghanche
2020-05-06,21,0,0,Local - Social Contact,Islamabad Capital Territory,Islamabad
2020-05-06,213,9,64,Local - Social Contact,Khyber Pakhtunkhwa,Peshawar
2020-05-06,944,31,0,Local - Social Contact,Punjab,Lahore
2020-05-06,451,9,60,Local - Social Contact,Sindh,Karachi
2020-05-07,0,1,0,Local - Social Contact,Baluchistan,Quetta
2020-05-07,6,0,5,Local - Social Contact,Gilgit-Baltistan,Gilgit
2020-05-07,6,0,0,Local - Social Contact,Gilgit-Baltistan,Astore
2020-05-07,36,0,0,Local - Social Contact,Islamabad Capital Territory,Islamabad
2020-05-07,129,4,0,Local - Social Contact,Khyber Pakhtunkhwa,Peshawar
2020-05-07,13,0,0,Local - Social Contact,Khyber Pakhtunkhwa,Charsadda
2020-05-07,2,0,0,Local - Social Contact,Khyber Pakhtunkhwa,Nowshera
2020-05-07,1,0,0,Local - Social Contact,Khyber Pakhtunkhwa,Khyber
2020-05-07,0,0,0,Local - Social Contact,Khyber Pakhtunkhwa,Mohmand
2020-05-07,12,0,0,Local - Social Contact,Khyber Pakhtunkhwa,Mardan
2020-05-07,1,0,0,Local - Social Contact,Khyber Pakhtunkhwa,Swabi
2020-05-07,32,0,0,Local - Social Contact,Khyber Pakhtunkhwa,Swat
2020-05-07,7,0,0,Local - Social Contact,Khyber Pakhtunkhwa,Buner
2020-05-07,4,0,0,Local - Social Contact,Khyber Pakhtunkhwa,Dir Lower
2020-05-07,0,0,0,Local - Social Contact,Khyber Pakhtunkhwa,Dir Upper
2020-05-07,0,0,0,Local - Social Contact,Khyber Pakhtunkhwa,Shangla
2020-05-07,20,1,0,Local - Social Contact,Khyber Pakhtunkhwa,Malakand
2020-05-07,0,0,0,Local - Social Contact,Khyber Pakhtunkhwa,Chitral Lower
2020-05-07,0,0,0,Local - Social Contact,Khyber Pakhtunkhwa,Chitral Upper
2020-05-07,8,0,0,Local - Social Contact,Khyber Pakhtunkhwa,Bajaur
2020-05-07,2,1,0,Local - Social Contact,Khyber Pakhtunkhwa,Mansehra
2020-05-07,2,0,0,Local - Social Contact,Khyber Pakhtunkhwa,Abbottabad
2020-05-07,0,0,0,Local - Social Contact,Khyber Pakhtunkhwa,Haripur
2020-05-07,0,0,0,Local - Social Contact,Khyber Pakhtunkhwa,Tor Ghar
2020-05-07,0,0,0,Local - Social Contact,Khyber Pakhtunkhwa,Kohistan Upper
2020-05-07,0,0,0,Local - Social Contact,Khyber Pakhtunkhwa,Kohistan Lower
2020-05-07,0,0,0,Local - Social Contact,Khyber Pakhtunkhwa,Kolai Pllas
2020-05-07,0,0,0,Local - Social Contact,Khyber Pakhtunkhwa,Battagram
2020-05-07,2,0,0,Local - Social Contact,Khyber Pakhtunkhwa,Kohat
2020-05-07,0,0,0,Local - Social Contact,Khyber Pakhtunkhwa,Hangu
2020-05-07,0,0,0,Local - Social Contact,Khyber Pakhtunkhwa,Karak
2020-05-07,2,0,0,Local - Social Contact,Khyber Pakhtunkhwa,Kurram
2020-05-07,0,0,0,Local - Social Contact,Khyber Pakhtunkhwa,Orakzai
2020-05-07,5,0,0,Local - Social Contact,Khyber Pakhtunkhwa,Bannu
2020-05-07,0,0,0,Local - Social Contact,Khyber Pakhtunkhwa,Lakki Marwat
2020-05-07,0,0,0,Local - Social Contact,Khyber Pakhtunkhwa,North Waziristan
2020-05-07,0,0,0,Local - Social Contact,Khyber Pakhtunkhwa,Dera Ismail Khan
2020-05-07,2,0,0,Local - Social Contact,Khyber Pakhtunkhwa,Tank
2020-05-07,0,0,0,Local - Social Contact,Khyber Pakhtunkhwa,South Waziristan
2020-05-07,118,7,0,Local - Social Contact,Punjab,Lahore
2020-05-07,453,14,9,Local - Social Contact,Sindh,Karachi
2020-05-08,2,0,0,Local - Social Contact,Azad Jummu Kashmir,Muzaffarabad
2020-05-08,62,2,13,Local - Social Contact,Baluchistan,Quetta
2020-05-08,37,0,0,Local - Social Contact,Islamabad Capital Territory,Islamabad
2020-05-08,141,5,0,Local - Social Contact,Khyber Pakhtunkhwa,Peshawar
2020-05-08,3,0,0,Local - Social Contact,Khyber Pakhtunkhwa,Charsadda
2020-05-08,19,0,0,Local - Social Contact,Khyber Pakhtunkhwa,Nowshera
2020-05-08,0,0,0,Local - Social Contact,Khyber Pakhtunkhwa,Khyber
2020-05-08,0,0,0,Local - Social Contact,Khyber Pakhtunkhwa,Mohmand
2020-05-08,0,0,0,Local - Social Contact,Khyber Pakhtunkhwa,Mardan
2020-05-08,1,1,0,Local - Social Contact,Khyber Pakhtunkhwa,Swabi
2020-05-08,49,5,0,Local - Social Contact,Khyber Pakhtunkhwa,Swat
2020-05-08,1,0,0,Local - Social Contact,Khyber Pakhtunkhwa,Buner
2020-05-08,13,1,0,Local - Social Contact,Khyber Pakhtunkhwa,Dir Lower
2020-05-08,16,0,0,Local - Social Contact,Khyber Pakhtunkhwa,Dir Upper
2020-05-08,4,0,0,Local - Social Contact,Khyber Pakhtunkhwa,Shangla
2020-05-08,19,0,0,Local - Social Contact,Khyber Pakhtunkhwa,Malakand
2020-05-08,2,0,0,Local - Social Contact,Khyber Pakhtunkhwa,Chitral Lower
2020-05-08,0,0,0,Local - Social Contact,Khyber Pakhtunkhwa,Chitral Upper
2020-05-08,5,0,0,Local - Social Contact,Khyber Pakhtunkhwa,Bajaur
2020-05-08,5,0,0,Local - Social Contact,Khyber Pakhtunkhwa,Mansehra
2020-05-08,3,0,0,Local - Social Contact,Khyber Pakhtunkhwa,Abbottabad
2020-05-08,0,0,0,Local - Social Contact,Khyber Pakhtunkhwa,Haripur
2020-05-08,0,0,0,Local - Social Contact,Khyber Pakhtunkhwa,Tor Ghar
2020-05-08,0,0,0,Local - Social Contact,Khyber Pakhtunkhwa,Kohistan Upper
2020-05-08,0,0,0,Local - Social Contact,Khyber Pakhtunkhwa,Kohistan Lower
2020-05-08,0,0,0,Local - Social Contact,Khyber Pakhtunkhwa,Kolai Pllas
2020-05-08,3,0,0,Local - Social Contact,Khyber Pakhtunkhwa,Battagram
2020-05-08,3,0,0,Local - Social Contact,Khyber Pakhtunkhwa,Kohat
2020-05-08,0,0,0,Local - Social Contact,Khyber Pakhtunkhwa,Hangu
2020-05-08,0,0,0,Local - Social Contact,Khyber Pakhtunkhwa,Karak
2020-05-08,0,0,0,Local - Social Contact,Khyber Pakhtunkhwa,Kurram
2020-05-08,0,0,0,Local - Social Contact,Khyber Pakhtunkhwa,Orakzai
2020-05-08,3,0,0,Local - Social Contact,Khyber Pakhtunkhwa,Bannu
2020-05-08,0,0,0,Local - Social Contact,Khyber Pakhtunkhwa,Lakki Marwat
2020-05-08,0,0,0,Local - Social Contact,Khyber Pakhtunkhwa,North Waziristan
2020-05-08,2,0,0,Local - Social Contact,Khyber Pakhtunkhwa,Dera Ismail Khan
2020-05-08,0,0,0,Local - Social Contact,Khyber Pakhtunkhwa,Tank
2020-05-08,0,0,0,Local - Social Contact,Khyber Pakhtunkhwa,South Waziristan
2020-05-08,838,12,0,Local - Social Contact,Punjab,Lahore
2020-05-08,598,5,0,Local - Social Contact,Sindh,Karachi
2020-05-09,1,0,0,Local - Social Contact,Azad Jummu Kashmir,Muzaffarabad
2020-05-09,151,0,13,Local - Social Contact,Baluchistan,Quetta
2020-05-09,36,1,5,Local - Social Contact,Gilgit-Baltistan,Gilgit
2020-05-09,51,0,0,Local - Social Contact,Islamabad Capital Territory,Islamabad
2020-05-09,83,7,0,Local - Social Contact,Khyber Pakhtunkhwa,Peshawar
2020-05-09,3,1,0,Local - Social Contact,Khyber Pakhtunkhwa,Charsadda
2020-05-09,2,0,0,Local - Social Contact,Khyber Pakhtunkhwa,Nowshera
2020-05-09,10,1,0,Local - Social Contact,Khyber Pakhtunkhwa,Khyber
2020-05-09,1,0,0,Local - Social Contact,Khyber Pakhtunkhwa,Mohmand
2020-05-09,6,1,0,Local - Social Contact,Khyber Pakhtunkhwa,Mardan
2020-05-09,7,0,0,Local - Social Contact,Khyber Pakhtunkhwa,Swabi
2020-05-09,22,1,0,Local - Social Contact,Khyber Pakhtunkhwa,Swat
2020-05-09,4,0,0,Local - Social Contact,Khyber Pakhtunkhwa,Buner
2020-05-09,0,0,0,Local - Social Contact,Khyber Pakhtunkhwa,Dir Lower
2020-05-09,0,0,0,Local - Social Contact,Khyber Pakhtunkhwa,Dir Upper
2020-05-09,2,0,0,Local - Social Contact,Khyber Pakhtunkhwa,Shangla
2020-05-09,14,1,0,Local - Social Contact,Khyber Pakhtunkhwa,Malakand
2020-05-09,0,0,0,Local - Social Contact,Khyber Pakhtunkhwa,Chitral Lower
2020-05-09,0,0,0,Local - Social Contact,Khyber Pakhtunkhwa,Chitral Upper
2020-05-09,4,0,0,Local - Social Contact,Khyber Pakhtunkhwa,Bajaur
2020-05-09,0,0,0,Local - Social Contact,Khyber Pakhtunkhwa,Mansehra
2020-05-09,2,1,0,Local - Social Contact,Khyber Pakhtunkhwa,Abbottabad
2020-05-09,0,0,0,Local - Social Contact,Khyber Pakhtunkhwa,Haripur
2020-05-09,0,0,0,Local - Social Contact,Khyber Pakhtunkhwa,Tor Ghar
2020-05-09,0,0,0,Local - Social Contact,Khyber Pakhtunkhwa,Kohistan Upper
2020-05-09,0,0,0,Local - Social Contact,Khyber Pakhtunkhwa,Kohistan Lower
2020-05-09,0,0,0,Local - Social Contact,Khyber Pakhtunkhwa,Kolai Pllas
2020-05-09,4,0,0,Local - Social Contact,Khyber Pakhtunkhwa,Battagram
2020-05-09,3,0,0,Local - Social Contact,Khyber Pakhtunkhwa,Kohat
2020-05-09,0,0,0,Local - Social Contact,Khyber Pakhtunkhwa,Hangu
2020-05-09,0,0,0,Local - Social Contact,Khyber Pakhtunkhwa,Karak
2020-05-09,0,0,0,Local - Social Contact,Khyber Pakhtunkhwa,Kurram
2020-05-09,0,0,0,Local - Social Contact,Khyber Pakhtunkhwa,Orakzai
2020-05-09,5,0,0,Local - Social Contact,Khyber Pakhtunkhwa,Bannu
2020-05-09,0,0,0,Local - Social Contact,Khyber Pakhtunkhwa,Lakki Marwat
2020-05-09,0,0,0,Local - Social Contact,Khyber Pakhtunkhwa,North Waziristan
2020-05-09,1,0,0,Local - Social Contact,Khyber Pakhtunkhwa,Dera Ismail Khan
2020-05-09,2,0,0,Local - Social Contact,Khyber Pakhtunkhwa,Tank
2020-05-09,0,0,0,Local - Social Contact,Khyber Pakhtunkhwa,South Waziristan
2020-05-09,1060,0,0,Local - Social Contact,Punjab,Lahore
2020-05-09,1080,5,0,Local - Social Contact,Sindh,Karachi
2020-05-10,7,0,0,Local - Social Contact,Azad Jummu Kashmir,Muzaffarabad
2020-05-10,59,0,0,Local - Social Contact,Baluchistan,Quetta
2020-05-10,1,0,0,Local - Social Contact,Gilgit-Baltistan,Hunza
2020-05-10,2,0,0,Local - Social Contact,Gilgit-Baltistan,Gilgit
2020-05-10,1,0,0,Local - Social Contact,Gilgit-Baltistan,Diamer
2020-05-10,16,0,0,Local - Social Contact,Gilgit-Baltistan,Astore
2020-05-10,32,1,0,Local - Social Contact,Islamabad Capital Territory,Islamabad
2020-05-10,81,8,0,Local - Social Contact,Khyber Pakhtunkhwa,Peshawar
2020-05-10,3,0,0,Local - Social Contact,Khyber Pakhtunkhwa,Charsadda
2020-05-10,2,0,0,Local - Social Contact,Khyber Pakhtunkhwa,Nowshera
2020-05-10,0,0,0,Local - Social Contact,Khyber Pakhtunkhwa,Khyber
2020-05-10,0,0,0,Local - Social Contact,Khyber Pakhtunkhwa,Mohmand
2020-05-10,7,1,0,Local - Social Contact,Khyber Pakhtunkhwa,Mardan
2020-05-10,0,0,0,Local - Social Contact,Khyber Pakhtunkhwa,Swabi
2020-05-10,16,1,0,Local - Social Contact,Khyber Pakhtunkhwa,Swat
2020-05-10,5,0,0,Local - Social Contact,Khyber Pakhtunkhwa,Buner
2020-05-10,0,0,0,Local - Social Contact,Khyber Pakhtunkhwa,Dir Lower
2020-05-10,0,0,0,Local - Social Contact,Khyber Pakhtunkhwa,Dir Upper
2020-05-10,5,0,0,Local - Social Contact,Khyber Pakhtunkhwa,Shangla
2020-05-10,0,0,0,Local - Social Contact,Khyber Pakhtunkhwa,Malakand
2020-05-10,2,0,0,Local - Social Contact,Khyber Pakhtunkhwa,Chitral Lower
2020-05-10,0,0,0,Local - Social Contact,Khyber Pakhtunkhwa,Chitral Upper
2020-05-10,17,0,0,Local - Social Contact,Khyber Pakhtunkhwa,Bajaur
2020-05-10,2,0,0,Local - Social Contact,Khyber Pakhtunkhwa,Mansehra
2020-05-10,0,0,0,Local - Social Contact,Khyber Pakhtunkhwa,Abbottabad
2020-05-10,3,0,0,Local - Social Contact,Khyber Pakhtunkhwa,Haripur
2020-05-10,0,0,0,Local - Social Contact,Khyber Pakhtunkhwa,Tor Ghar
2020-05-10,0,0,0,Local - Social Contact,Khyber Pakhtunkhwa,Kohistan Upper
2020-05-10,0,0,0,Local - Social Contact,Khyber Pakhtunkhwa,Kohistan Lower
2020-05-10,0,0,0,Local - Social Contact,Khyber Pakhtunkhwa,Kolai Pllas
2020-05-10,5,1,0,Local - Social Contact,Khyber Pakhtunkhwa,Battagram
2020-05-10,0,0,0,Local - Social Contact,Khyber Pakhtunkhwa,Kohat
2020-05-10,0,0,0,Local - Social Contact,Khyber Pakhtunkhwa,Hangu
2020-05-10,7,0,0,Local - Social Contact,Khyber Pakhtunkhwa,Karak
2020-05-10,0,0,0,Local - Social Contact,Khyber Pakhtunkhwa,Kurram
2020-05-10,0,0,0,Local - Social Contact,Khyber Pakhtunkhwa,Orakzai
2020-05-10,2,0,0,Local - Social Contact,Khyber Pakhtunkhwa,Bannu
2020-05-10,0,0,0,Local - Social Contact,Khyber Pakhtunkhwa,Lakki Marwat
2020-05-10,0,0,0,Local - Social Contact,Khyber Pakhtunkhwa,North Waziristan
2020-05-10,4,0,0,Local - Social Contact,Khyber Pakhtunkhwa,Dera Ismail Khan
2020-05-10,0,0,0,Local - Social Contact,Khyber Pakhtunkhwa,Tank
2020-05-10,0,0,0,Local - Social Contact,Khyber Pakhtunkhwa,South Waziristan
2020-05-10,475,3,109,Local - Social Contact,Punjab,Lahore
2020-05-10,709,8,29,Local - Social Contact,Sindh,Karachi
2020-05-11,0,0,0,Local - Social Contact,Azad Jummu Kashmir,Muzaffarabad
2020-05-11,44,1,0,Local - Social Contact,Baluchistan,Quetta
2020-05-11,14,0,16,Local - Social Contact,Gilgit-Baltistan,Gilgit
2020-05-11,1,0,0,Local - Social Contact,Gilgit-Baltistan,Diamer
2020-05-11,38,0,0,Local - Social Contact,Islamabad Capital Territory,Islamabad
2020-05-11,29,6,0,Local - Social Contact,Khyber Pakhtunkhwa,Peshawar
2020-05-11,3,0,0,Local - Social Contact,Khyber Pakhtunkhwa,Charsadda
2020-05-11,0,1,0,Local - Social Contact,Khyber Pakhtunkhwa,Nowshera
2020-05-11,6,0,0,Local - Social Contact,Khyber Pakhtunkhwa,Khyber
2020-05-11,0,0,0,Local - Social Contact,Khyber Pakhtunkhwa,Mohmand
2020-05-11,44,3,0,Local - Social Contact,Khyber Pakhtunkhwa,Mardan
2020-05-11,3,0,0,Local - Social Contact,Khyber Pakhtunkhwa,Swabi
2020-05-11,15,1,0,Local - Social Contact,Khyber Pakhtunkhwa,Swat
2020-05-11,3,0,0,Local - Social Contact,Khyber Pakhtunkhwa,Buner
2020-05-11,6,0,0,Local - Social Contact,Khyber Pakhtunkhwa,Dir Lower
2020-05-11,1,1,0,Local - Social Contact,Khyber Pakhtunkhwa,Dir Upper
2020-05-11,5,0,0,Local - Social Contact,Khyber Pakhtunkhwa,Shangla
2020-05-11,14,0,0,Local - Social Contact,Khyber Pakhtunkhwa,Malakand
2020-05-11,0,0,0,Local - Social Contact,Khyber Pakhtunkhwa,Chitral Lower
2020-05-11,0,0,0,Local - Social Contact,Khyber Pakhtunkhwa,Chitral Upper
2020-05-11,2,0,0,Local - Social Contact,Khyber Pakhtunkhwa,Bajaur
2020-05-11,1,0,0,Local - Social Contact,Khyber Pakhtunkhwa,Mansehra
2020-05-11,1,0,0,Local - Social Contact,Khyber Pakhtunkhwa,Abbottabad
2020-05-11,0,0,0,Local - Social Contact,Khyber Pakhtunkhwa,Haripur
2020-05-11,0,0,0,Local - Social Contact,Khyber Pakhtunkhwa,Tor Ghar
2020-05-11,0,0,0,Local - Social Contact,Khyber Pakhtunkhwa,Kohistan Upper
2020-05-11,0,0,0,Local - Social Contact,Khyber Pakhtunkhwa,Kohistan Lower
2020-05-11,0,0,0,Local - Social Contact,Khyber Pakhtunkhwa,Kolai Pllas
2020-05-11,1,0,0,Local - Social Contact,Khyber Pakhtunkhwa,Battagram
2020-05-11,0,0,0,Local - Social Contact,Khyber Pakhtunkhwa,Kohat
2020-05-11,0,0,0,Local - Social Contact,Khyber Pakhtunkhwa,Hangu
2020-05-11,1,0,0,Local - Social Contact,Khyber Pakhtunkhwa,Karak
2020-05-11,0,0,0,Local - Social Contact,Khyber Pakhtunkhwa,Kurram
2020-05-11,0,0,0,Local - Social Contact,Khyber Pakhtunkhwa,Orakzai
2020-05-11,2,0,0,Local - Social Contact,Khyber Pakhtunkhwa,Bannu
2020-05-11,0,0,0,Local - Social Contact,Khyber Pakhtunkhwa,Lakki Marwat
2020-05-11,0,0,0,Local - Social Contact,Khyber Pakhtunkhwa,North Waziristan
2020-05-11,5,0,0,Local - Social Contact,Khyber Pakhtunkhwa,Dera Ismail Khan
2020-05-11,2,0,0,Local - Social Contact,Khyber Pakhtunkhwa,Tank
2020-05-11,0,0,0,Local - Social Contact,Khyber Pakhtunkhwa,South Waziristan
2020-05-11,301,14,83,Local - Social Contact,Punjab,Lahore
2020-05-11,537,11,68,Local - Social Contact,Sindh,Karachi
2020-05-12,2,0,4,Local - Social Contact,Azad Jummu Kashmir,Muzaffarabad
2020-05-12,97,0,14,Local - Social Contact,Baluchistan,Quetta
2020-05-12,5,0,0,Local - Social Contact,Gilgit-Baltistan,Ghizer
2020-05-12,4,0,0,Local - Social Contact,Gilgit-Baltistan,Ghizer
2020-05-12,13,0,0,Local - Social Contact,Gilgit-Baltistan,Gilgit
2020-05-12,0,8,0,Local - Social Contact,Gilgit-Baltistan,Astore
2020-05-12,1,0,0,Local - Social Contact,Gilgit-Baltistan,Diamer
2020-05-12,37,0,20,Local - Social Contact,Islamabad Capital Territory,Islamabad
2020-05-12,57,5,0,Local - Social Contact,Khyber Pakhtunkhwa,Peshawar
2020-05-12,2,0,0,Local - Social Contact,Khyber Pakhtunkhwa,Charsadda
2020-05-12,3,0,0,Local - Social Contact,Khyber Pakhtunkhwa,Nowshera
2020-05-12,6,0,0,Local - Social Contact,Khyber Pakhtunkhwa,Khyber
2020-05-12,0,0,0,Local - Social Contact,Khyber Pakhtunkhwa,Mohmand
2020-05-12,4,3,0,Local - Social Contact,Khyber Pakhtunkhwa,Mardan
2020-05-12,0,1,0,Local - Social Contact,Khyber Pakhtunkhwa,Swabi
2020-05-12,19,0,0,Local - Social Contact,Khyber Pakhtunkhwa,Swat
2020-05-12,8,0,0,Local - Social Contact,Khyber Pakhtunkhwa,Buner
2020-05-12,5,0,0,Local - Social Contact,Khyber Pakhtunkhwa,Dir Lower
2020-05-12,8,0,0,Local - Social Contact,Khyber Pakhtunkhwa,Dir Upper
2020-05-12,1,0,0,Local - Social Contact,Khyber Pakhtunkhwa,Shangla
2020-05-12,9,1,0,Local - Social Contact,Khyber Pakhtunkhwa,Malakand
2020-05-12,0,0,0,Local - Social Contact,Khyber Pakhtunkhwa,Chitral Lower
2020-05-12,0,0,0,Local - Social Contact,Khyber Pakhtunkhwa,Chitral Upper
2020-05-12,2,0,0,Local - Social Contact,Khyber Pakhtunkhwa,Bajaur
2020-05-12,0,0,0,Local - Social Contact,Khyber Pakhtunkhwa,Mansehra
2020-05-12,0,0,0,Local - Social Contact,Khyber Pakhtunkhwa,Abbottabad
2020-05-12,2,0,0,Local - Social Contact,Khyber Pakhtunkhwa,Haripur
2020-05-12,0,0,0,Local - Social Contact,Khyber Pakhtunkhwa,Tor Ghar
2020-05-12,0,0,0,Local - Social Contact,Khyber Pakhtunkhwa,Kohistan Upper
2020-05-12,0,0,0,Local - Social Contact,Khyber Pakhtunkhwa,Kohistan Lower
2020-05-12,0,0,0,Local - Social Contact,Khyber Pakhtunkhwa,Kolai Pllas
2020-05-12,9,0,0,Local - Social Contact,Khyber Pakhtunkhwa,Battagram
2020-05-12,0,0,0,Local - Social Contact,Khyber Pakhtunkhwa,Kohat
2020-05-12,0,0,0,Local - Social Contact,Khyber Pakhtunkhwa,Hangu
2020-05-12,2,0,0,Local - Social Contact,Khyber Pakhtunkhwa,Karak
2020-05-12,0,0,0,Local - Social Contact,Khyber Pakhtunkhwa,Kurram
2020-05-12,0,0,0,Local - Social Contact,Khyber Pakhtunkhwa,Orakzai
2020-05-12,4,0,0,Local - Social Contact,Khyber Pakhtunkhwa,Bannu
2020-05-12,0,0,0,Local - Social Contact,Khyber Pakhtunkhwa,Lakki Marwat
2020-05-12,2,0,0,Local - Social Contact,Khyber Pakhtunkhwa,North Waziristan
2020-05-12,3,0,0,Local - Social Contact,Khyber Pakhtunkhwa,Dera Ismail Khan
2020-05-12,0,0,0,Local - Social Contact,Khyber Pakhtunkhwa,Tank
2020-05-12,0,0,0,Local - Social Contact,Khyber Pakhtunkhwa,South Waziristan
2020-05-12,1356,3,129,Local - Social Contact,Punjab,Lahore
2020-05-12,593,18,80,Local - Social Contact,Sindh,Karachi
2020-05-13,3,0,1,Local - Social Contact,Azad Jummu Kashmir,Muzaffarabad
2020-05-13,81,0,70,Local - Social Contact,Baluchistan,Quetta
2020-05-13,1,0,0,Local - Social Contact,Gilgit-Baltistan,Ghizer
2020-05-13,1,0,0,Local - Social Contact,Gilgit-Baltistan,Ghizer
2020-05-13,4,0,0,Local - Social Contact,Gilgit-Baltistan,Gilgit
2020-05-13,1,0,0,Local - Social Contact,Gilgit-Baltistan,Shigar
2020-05-13,0,4,0,Local - Social Contact,Gilgit-Baltistan,Astore
2020-05-13,43,0,0,Local - Social Contact,Islamabad Capital Territory,Islamabad
2020-05-13,112,4,0,Local - Social Contact,Khyber Pakhtunkhwa,Peshawar
2020-05-13,2,0,0,Local - Social Contact,Khyber Pakhtunkhwa,Charsadda
2020-05-13,19,2,0,Local - Social Contact,Khyber Pakhtunkhwa,Nowshera
2020-05-13,15,1,0,Local - Social Contact,Khyber Pakhtunkhwa,Khyber
2020-05-13,0,0,0,Local - Social Contact,Khyber Pakhtunkhwa,Mohmand
2020-05-13,3,0,0,Local - Social Contact,Khyber Pakhtunkhwa,Mardan
2020-05-13,4,0,0,Local - Social Contact,Khyber Pakhtunkhwa,Swabi
2020-05-13,1,0,0,Local - Social Contact,Khyber Pakhtunkhwa,Swat
2020-05-13,3,0,0,Local - Social Contact,Khyber Pakhtunkhwa,Buner
2020-05-13,13,0,0,Local - Social Contact,Khyber Pakhtunkhwa,Dir Lower
2020-05-13,4,0,0,Local - Social Contact,Khyber Pakhtunkhwa,Dir Upper
2020-05-13,0,0,0,Local - Social Contact,Khyber Pakhtunkhwa,Shangla
2020-05-13,0,0,0,Local - Social Contact,Khyber Pakhtunkhwa,Malakand
2020-05-13,0,0,0,Local - Social Contact,Khyber Pakhtunkhwa,Chitral Lower
2020-05-13,0,0,0,Local - Social Contact,Khyber Pakhtunkhwa,Chitral Upper
2020-05-13,8,0,0,Local - Social Contact,Khyber Pakhtunkhwa,Bajaur
2020-05-13,10,0,0,Local - Social Contact,Khyber Pakhtunkhwa,Mansehra
2020-05-13,18,0,0,Local - Social Contact,Khyber Pakhtunkhwa,Abbottabad
2020-05-13,10,0,0,Local - Social Contact,Khyber Pakhtunkhwa,Haripur
2020-05-13,0,0,0,Local - Social Contact,Khyber Pakhtunkhwa,Tor Ghar
2020-05-13,0,0,0,Local - Social Contact,Khyber Pakhtunkhwa,Kohistan Upper
2020-05-13,0,0,0,Local - Social Contact,Khyber Pakhtunkhwa,Kohistan Lower
2020-05-13,0,0,0,Local - Social Contact,Khyber Pakhtunkhwa,Kolai Pllas
2020-05-13,0,0,0,Local - Social Contact,Khyber Pakhtunkhwa,Battagram
2020-05-13,1,0,0,Local - Social Contact,Khyber Pakhtunkhwa,Kohat
2020-05-13,0,0,0,Local - Social Contact,Khyber Pakhtunkhwa,Hangu
2020-05-13,0,0,0,Local - Social Contact,Khyber Pakhtunkhwa,Karak
2020-05-13,0,0,0,Local - Social Contact,Khyber Pakhtunkhwa,Kurram
2020-05-13,0,0,0,Local - Social Contact,Khyber Pakhtunkhwa,Orakzai
2020-05-13,2,0,0,Local - Social Contact,Khyber Pakhtunkhwa,Bannu
2020-05-13,0,0,0,Local - Social Contact,Khyber Pakhtunkhwa,Lakki Marwat
2020-05-13,1,0,0,Local - Social Contact,Khyber Pakhtunkhwa,North Waziristan
2020-05-13,5,0,0,Local - Social Contact,Khyber Pakhtunkhwa,Dera Ismail Khan
2020-05-13,0,0,0,Local - Social Contact,Khyber Pakhtunkhwa,Tank
2020-05-13,0,0,0,Local - Social Contact,Khyber Pakhtunkhwa,South Waziristan
2020-05-13,336,9,79,Local - Social Contact,Punjab,Lahore
2020-05-13,731,16,606,Local - Social Contact,Sindh,Karachi
2020-05-14,14,0,7,Local - Social Contact,Azad Jummu Kashmir,Muzaffarabad
2020-05-14,71,3,16,Local - Social Contact,Baluchistan,Quetta
2020-05-14,1,0,0,Local - Social Contact,Gilgit-Baltistan,Ghizer
2020-05-14,5,0,0,Local - Social Contact,Gilgit-Baltistan,Diamer
2020-05-14,3,0,0,Local - Social Contact,Gilgit-Baltistan,Astore
2020-05-14,9,0,0,Local - Social Contact,Gilgit-Baltistan,Gilgit
2020-05-14,1,0,0,Local - Social Contact,Gilgit-Baltistan,Shigar
2020-05-14,63,1,8,Local - Social Contact,Islamabad Capital Territory,Islamabad
2020-05-14,73,4,0,Local - Social Contact,Khyber Pakhtunkhwa,Peshawar
2020-05-14,2,1,0,Local - Social Contact,Khyber Pakhtunkhwa,Charsadda
2020-05-14,1,0,0,Local - Social Contact,Khyber Pakhtunkhwa,Nowshera
2020-05-14,4,0,0,Local - Social Contact,Khyber Pakhtunkhwa,Khyber
2020-05-14,0,0,0,Local - Social Contact,Khyber Pakhtunkhwa,Mohmand
2020-05-14,18,1,0,Local - Social Contact,Khyber Pakhtunkhwa,Mardan
2020-05-14,2,1,0,Local - Social Contact,Khyber Pakhtunkhwa,Swabi
2020-05-14,16,1,0,Local - Social Contact,Khyber Pakhtunkhwa,Swat
2020-05-14,3,0,0,Local - Social Contact,Khyber Pakhtunkhwa,Buner
2020-05-14,2,0,0,Local - Social Contact,Khyber Pakhtunkhwa,Dir Lower
2020-05-14,0,0,0,Local - Social Contact,Khyber Pakhtunkhwa,Dir Upper
2020-05-14,4,0,0,Local - Social Contact,Khyber Pakhtunkhwa,Shangla
2020-05-14,21,1,0,Local - Social Contact,Khyber Pakhtunkhwa,Malakand
2020-05-14,0,0,0,Local - Social Contact,Khyber Pakhtunkhwa,Chitral Lower
2020-05-14,0,0,0,Local - Social Contact,Khyber Pakhtunkhwa,Chitral Upper
2020-05-14,4,0,0,Local - Social Contact,Khyber Pakhtunkhwa,Bajaur
2020-05-14,0,0,0,Local - Social Contact,Khyber Pakhtunkhwa,Mansehra
2020-05-14,3,0,0,Local - Social Contact,Khyber Pakhtunkhwa,Abbottabad
2020-05-14,10,0,0,Local - Social Contact,Khyber Pakhtunkhwa,Haripur
2020-05-14,0,0,0,Local - Social Contact,Khyber Pakhtunkhwa,Tor Ghar
2020-05-14,0,0,0,Local - Social Contact,Khyber Pakhtunkhwa,Kohistan Upper
2020-05-14,0,0,0,Local - Social Contact,Khyber Pakhtunkhwa,Kohistan Lower
2020-05-14,0,0,0,Local - Social Contact,Khyber Pakhtunkhwa,Kolai Pllas
2020-05-14,1,0,0,Local - Social Contact,Khyber Pakhtunkhwa,Battagram
2020-05-14,4,0,0,Local - Social Contact,Khyber Pakhtunkhwa,Kohat
2020-05-14,1,0,0,Local - Social Contact,Khyber Pakhtunkhwa,Hangu
2020-05-14,0,0,0,Local - Social Contact,Khyber Pakhtunkhwa,Karak
2020-05-14,1,0,0,Local - Social Contact,Khyber Pakhtunkhwa,Kurram
2020-05-14,0,0,0,Local - Social Contact,Khyber Pakhtunkhwa,Orakzai
2020-05-14,1,0,0,Local - Social Contact,Khyber Pakhtunkhwa,Bannu
2020-05-14,0,0,0,Local - Social Contact,Khyber Pakhtunkhwa,Lakki Marwat
2020-05-14,0,0,0,Local - Social Contact,Khyber Pakhtunkhwa,North Waziristan
2020-05-14,0,0,0,Local - Social Contact,Khyber Pakhtunkhwa,Dera Ismail Khan
2020-05-14,0,0,0,Local - Social Contact,Khyber Pakhtunkhwa,Tank
2020-05-14,0,0,0,Local - Social Contact,Khyber Pakhtunkhwa,South Waziristan
2020-05-14,353,11,105,Local - Social Contact,Punjab,Lahore
2020-05-14,758,9,238,Local - Social Contact,Sindh,Karachi
2020-05-15,3,0,0,Local - Social Contact,Azad Jummu Kashmir,Muzaffarabad
2020-05-15,147,1,41,Local - Social Contact,Baluchistan,Quetta
2020-05-15,16,0,6,Local - Social Contact,Gilgit-Baltistan,Gilgit
2020-05-15,0,0,1,Local - Social Contact,Gilgit-Baltistan,Astore
2020-05-15,1,0,0,Local - Social Contact,Gilgit-Baltistan,Ghanche
2020-05-15,44,0,0,Local - Social Contact,Islamabad Capital Territory,Islamabad
2020-05-15,94,4,0,Local - Social Contact,Khyber Pakhtunkhwa,Peshawar
2020-05-15,2,0,0,Local - Social Contact,Khyber Pakhtunkhwa,Charsadda
2020-05-15,2,0,0,Local - Social Contact,Khyber Pakhtunkhwa,Nowshera
2020-05-15,11,0,0,Local - Social Contact,Khyber Pakhtunkhwa,Khyber
2020-05-15,1,0,0,Local - Social Contact,Khyber Pakhtunkhwa,Mohmand
2020-05-15,15,2,0,Local - Social Contact,Khyber Pakhtunkhwa,Mardan
2020-05-15,9,1,0,Local - Social Contact,Khyber Pakhtunkhwa,Swabi
2020-05-15,31,0,0,Local - Social Contact,Khyber Pakhtunkhwa,Swat
2020-05-15,2,0,0,Local - Social Contact,Khyber Pakhtunkhwa,Buner
2020-05-15,1,0,0,Local - Social Contact,Khyber Pakhtunkhwa,Dir Lower
2020-05-15,0,0,0,Local - Social Contact,Khyber Pakhtunkhwa,Dir Upper
2020-05-15,0,0,0,Local - Social Contact,Khyber Pakhtunkhwa,Shangla
2020-05-15,1,0,0,Local - Social Contact,Khyber Pakhtunkhwa,Malakand
2020-05-15,5,0,0,Local - Social Contact,Khyber Pakhtunkhwa,Chitral Lower
2020-05-15,1,0,0,Local - Social Contact,Khyber Pakhtunkhwa,Chitral Upper
2020-05-15,6,0,0,Local - Social Contact,Khyber Pakhtunkhwa,Bajaur
2020-05-15,2,0,0,Local - Social Contact,Khyber Pakhtunkhwa,Mansehra
2020-05-15,10,0,0,Local - Social Contact,Khyber Pakhtunkhwa,Abbottabad
2020-05-15,3,0,0,Local - Social Contact,Khyber Pakhtunkhwa,Haripur
2020-05-15,0,0,0,Local - Social Contact,Khyber Pakhtunkhwa,Tor Ghar
2020-05-15,0,0,0,Local - Social Contact,Khyber Pakhtunkhwa,Kohistan Upper
2020-05-15,0,0,0,Local - Social Contact,Khyber Pakhtunkhwa,Kohistan Lower
2020-05-15,0,0,0,Local - Social Contact,Khyber Pakhtunkhwa,Kolai Pllas
2020-05-15,0,0,0,Local - Social Contact,Khyber Pakhtunkhwa,Battagram
2020-05-15,0,0,0,Local - Social Contact,Khyber Pakhtunkhwa,Kohat
2020-05-15,0,0,0,Local - Social Contact,Khyber Pakhtunkhwa,Hangu
2020-05-15,1,0,0,Local - Social Contact,Khyber Pakhtunkhwa,Karak
2020-05-15,0,0,0,Local - Social Contact,Khyber Pakhtunkhwa,Kurram
2020-05-15,0,0,0,Local - Social Contact,Khyber Pakhtunkhwa,Orakzai
2020-05-15,1,0,0,Local - Social Contact,Khyber Pakhtunkhwa,Bannu
2020-05-15,0,0,0,Local - Social Contact,Khyber Pakhtunkhwa,Lakki Marwat
2020-05-15,0,0,0,Local - Social Contact,Khyber Pakhtunkhwa,North Waziristan
2020-05-15,2,0,0,Local - Social Contact,Khyber Pakhtunkhwa,Dera Ismail Khan
2020-05-15,0,0,0,Local - Social Contact,Khyber Pakhtunkhwa,Tank
2020-05-15,0,0,0,Local - Social Contact,Khyber Pakhtunkhwa,South Waziristan
2020-05-15,287,11,84,Local - Social Contact,Punjab,Lahore
2020-05-15,817,12,533,Local - Social Contact,Sindh,Karachi
2020-05-16,4,0,1,Local - Social Contact,Azad Jummu Kashmir,Muzaffarabad
2020-05-16,87,5,34,Local - Social Contact,Baluchistan,Quetta
2020-05-16,6,0,0,Local - Social Contact,Gilgit-Baltistan,Gilgit
2020-05-16,0,0,1,Local - Social Contact,Gilgit-Baltistan,Astore
2020-05-16,1,0,0,Local - Social Contact,Gilgit-Baltistan,Skardu
2020-05-16,55,0,13,Local - Social Contact,Islamabad Capital Territory,Islamabad
2020-05-16,77,7,0,Local - Social Contact,Khyber Pakhtunkhwa,Peshawar
2020-05-16,3,0,0,Local - Social Contact,Khyber Pakhtunkhwa,Charsadda
2020-05-16,6,0,0,Local - Social Contact,Khyber Pakhtunkhwa,Nowshera
2020-05-16,12,0,0,Local - Social Contact,Khyber Pakhtunkhwa,Khyber
2020-05-16,0,0,0,Local - Social Contact,Khyber Pakhtunkhwa,Mohmand
2020-05-16,7,1,0,Local - Social Contact,Khyber Pakhtunkhwa,Mardan
2020-05-16,1,0,0,Local - Social Contact,Khyber Pakhtunkhwa,Swabi
2020-05-16,25,3,0,Local - Social Contact,Khyber Pakhtunkhwa,Swat
2020-05-16,0,0,0,Local - Social Contact,Khyber Pakhtunkhwa,Buner
2020-05-16,3,1,0,Local - Social Contact,Khyber Pakhtunkhwa,Dir Lower
2020-05-16,0,0,0,Local - Social Contact,Khyber Pakhtunkhwa,Dir Upper
2020-05-16,0,0,0,Local - Social Contact,Khyber Pakhtunkhwa,Shangla
2020-05-16,5,0,0,Local - Social Contact,Khyber Pakhtunkhwa,Malakand
2020-05-16,1,0,0,Local - Social Contact,Khyber Pakhtunkhwa,Chitral Lower
2020-05-16,0,0,0,Local - Social Contact,Khyber Pakhtunkhwa,Chitral Upper
2020-05-16,3,1,0,Local - Social Contact,Khyber Pakhtunkhwa,Bajaur
2020-05-16,0,0,0,Local - Social Contact,Khyber Pakhtunkhwa,Mansehra
2020-05-16,5,0,0,Local - Social Contact,Khyber Pakhtunkhwa,Abbottabad
2020-05-16,5,0,0,Local - Social Contact,Khyber Pakhtunkhwa,Haripur
2020-05-16,0,0,0,Local - Social Contact,Khyber Pakhtunkhwa,Tor Ghar
2020-05-16,0,0,0,Local - Social Contact,Khyber Pakhtunkhwa,Kohistan Upper
2020-05-16,0,0,0,Local - Social Contact,Khyber Pakhtunkhwa,Kohistan Lower
2020-05-16,0,0,0,Local - Social Contact,Khyber Pakhtunkhwa,Kolai Pllas
2020-05-16,3,0,0,Local - Social Contact,Khyber Pakhtunkhwa,Battagram
2020-05-16,3,1,0,Local - Social Contact,Khyber Pakhtunkhwa,Kohat
2020-05-16,0,0,0,Local - Social Contact,Khyber Pakhtunkhwa,Hangu
2020-05-16,0,0,0,Local - Social Contact,Khyber Pakhtunkhwa,Karak
2020-05-16,2,0,0,Local - Social Contact,Khyber Pakhtunkhwa,Kurram
2020-05-16,0,0,0,Local - Social Contact,Khyber Pakhtunkhwa,Orakzai
2020-05-16,0,0,0,Local - Social Contact,Khyber Pakhtunkhwa,Bannu
2020-05-16,0,0,0,Local - Social Contact,Khyber Pakhtunkhwa,Lakki Marwat
2020-05-16,0,0,0,Local - Social Contact,Khyber Pakhtunkhwa,North Waziristan
2020-05-16,1,0,0,Local - Social Contact,Khyber Pakhtunkhwa,Dera Ismail Khan
2020-05-16,0,0,0,Local - Social Contact,Khyber Pakhtunkhwa,Tank
2020-05-16,0,0,0,Local - Social Contact,Khyber Pakhtunkhwa,South Waziristan
2020-05-16,383,7,37,Local - Social Contact,Punjab,Lahore
2020-05-16,674,13,198,Local - Social Contact,Sindh,Karachi
2020-05-17,50,0,0,Local - Social Contact,Islamabad Capital Territory,Islamabad
2020-05-17,67,8,0,Local - Social Contact,Khyber Pakhtunkhwa,Peshawar
2020-05-17,10,0,0,Local - Social Contact,Khyber Pakhtunkhwa,Charsadda
2020-05-17,8,0,0,Local - Social Contact,Khyber Pakhtunkhwa,Nowshera
2020-05-17,4,0,0,Local - Social Contact,Khyber Pakhtunkhwa,Khyber
2020-05-17,1,0,0,Local - Social Contact,Khyber Pakhtunkhwa,Mohmand
2020-05-17,23,0,0,Local - Social Contact,Khyber Pakhtunkhwa,Mardan
2020-05-17,3,1,0,Local - Social Contact,Khyber Pakhtunkhwa,Swabi
2020-05-17,37,2,0,Local - Social Contact,Khyber Pakhtunkhwa,Swat
2020-05-17,0,0,0,Local - Social Contact,Khyber Pakhtunkhwa,Buner
2020-05-17,1,0,0,Local - Social Contact,Khyber Pakhtunkhwa,Dir Lower
2020-05-17,19,0,0,Local - Social Contact,Khyber Pakhtunkhwa,Dir Upper
2020-05-17,0,0,0,Local - Social Contact,Khyber Pakhtunkhwa,Shangla
2020-05-17,9,0,0,Local - Social Contact,Khyber Pakhtunkhwa,Malakand
2020-05-17,0,0,0,Local - Social Contact,Khyber Pakhtunkhwa,Chitral Lower
2020-05-17,0,0,0,Local - Social Contact,Khyber Pakhtunkhwa,Chitral Upper
2020-05-17,12,0,0,Local - Social Contact,Khyber Pakhtunkhwa,Bajaur
2020-05-17,0,0,0,Local - Social Contact,Khyber Pakhtunkhwa,Mansehra
2020-05-17,1,0,0,Local - Social Contact,Khyber Pakhtunkhwa,Abbottabad
2020-05-17,1,0,0,Local - Social Contact,Khyber Pakhtunkhwa,Haripur
2020-05-17,0,0,0,Local - Social Contact,Khyber Pakhtunkhwa,Tor Ghar
2020-05-17,0,0,0,Local - Social Contact,Khyber Pakhtunkhwa,Kohistan Upper
2020-05-17,0,0,0,Local - Social Contact,Khyber Pakhtunkhwa,Kohistan Lower
2020-05-17,0,0,0,Local - Social Contact,Khyber Pakhtunkhwa,Kolai Pllas
2020-05-17,0,0,0,Local - Social Contact,Khyber Pakhtunkhwa,Battagram
2020-05-17,2,1,0,Local - Social Contact,Khyber Pakhtunkhwa,Kohat
2020-05-17,1,0,0,Local - Social Contact,Khyber Pakhtunkhwa,Hangu
2020-05-17,3,1,0,Local - Social Contact,Khyber Pakhtunkhwa,Karak
2020-05-17,0,0,0,Local - Social Contact,Khyber Pakhtunkhwa,Kurram
2020-05-17,0,0,0,Local - Social Contact,Khyber Pakhtunkhwa,Orakzai
2020-05-17,0,0,0,Local - Social Contact,Khyber Pakhtunkhwa,Bannu
2020-05-17,0,0,0,Local - Social Contact,Khyber Pakhtunkhwa,Lakki Marwat
2020-05-17,0,0,0,Local - Social Contact,Khyber Pakhtunkhwa,North Waziristan
2020-05-17,2,0,0,Local - Social Contact,Khyber Pakhtunkhwa,Dera Ismail Khan
2020-05-17,0,0,0,Local - Social Contact,Khyber Pakhtunkhwa,Tank
2020-05-17,1,0,0,Local - Social Contact,Khyber Pakhtunkhwa,South Waziristan
2020-05-17,1,0,0,Local - Social Contact,Gilgit-Baltistan,Hunza
2020-05-17,1,0,0,Local - Social Contact,Gilgit-Baltistan,Nagar
2020-05-17,0,0,2,Local - Social Contact,Gilgit-Baltistan,Gilgit
2020-05-17,0,0,7,Local - Social Contact,Gilgit-Baltistan,Astore
2020-05-17,2,0,0,Local - Social Contact,Gilgit-Baltistan,Ghanche
2020-05-17,787,9,405,Local - Social Contact,Sindh,Karachi
2020-05-18,37,2,0,Local - Social Contact,Islamabad Capital Territory,Islamabad
2020-05-18,1,0,0,Local - Social Contact,Gilgit-Baltistan,Kharmang
2020-05-18,1,0,0,Local - Social Contact,Gilgit-Baltistan,Skardu
2020-05-18,0,0,2,Local - Social Contact,Gilgit-Baltistan,Shigar
2020-05-18,7,0,0,Local - Social Contact,Gilgit-Baltistan,Gilgit
2020-05-18,1,0,0,Local - Social Contact,Gilgit-Baltistan,Nagar
2020-05-18,14,12,3,Local - Social Contact,Khyber Pakhtunkhwa,Peshawar
2020-05-18,8,0,1,Local - Social Contact,Khyber Pakhtunkhwa,Charsadda
2020-05-18,3,0,0,Local - Social Contact,Khyber Pakhtunkhwa,Nowshera
2020-05-18,0,0,0,Local - Social Contact,Khyber Pakhtunkhwa,Khyber
2020-05-18,0,0,2,Local - Social Contact,Khyber Pakhtunkhwa,Mohmand
2020-05-18,0,0,17,Local - Social Contact,Khyber Pakhtunkhwa,Mardan
2020-05-18,9,1,3,Local - Social Contact,Khyber Pakhtunkhwa,Swabi
2020-05-18,31,1,9,Local - Social Contact,Khyber Pakhtunkhwa,Swat
2020-05-18,5,1,1,Local - Social Contact,Khyber Pakhtunkhwa,Buner
2020-05-18,25,0,43,Local - Social Contact,Khyber Pakhtunkhwa,Dir Lower
2020-05-18,1,0,0,Local - Social Contact,Khyber Pakhtunkhwa,Dir Upper
2020-05-18,0,0,0,Local - Social Contact,Khyber Pakhtunkhwa,Shangla
2020-05-18,13,0,12,Local - Social Contact,Khyber Pakhtunkhwa,Malakand
2020-05-18,0,0,2,Local - Social Contact,Khyber Pakhtunkhwa,Chitral Lower
2020-05-18,0,0,0,Local - Social Contact,Khyber Pakhtunkhwa,Chitral Upper
2020-05-18,3,0,0,Local - Social Contact,Khyber Pakhtunkhwa,Bajaur
2020-05-18,0,0,9,Local - Social Contact,Khyber Pakhtunkhwa,Mansehra
2020-05-18,5,0,5,Local - Social Contact,Khyber Pakhtunkhwa,Abbottabad
2020-05-18,3,0,6,Local - Social Contact,Khyber Pakhtunkhwa,Haripur
2020-05-18,0,0,0,Local - Social Contact,Khyber Pakhtunkhwa,Tor Ghar
2020-05-18,0,0,0,Local - Social Contact,Khyber Pakhtunkhwa,Kohistan Upper
2020-05-18,0,0,0,Local - Social Contact,Khyber Pakhtunkhwa,Kohistan Lower
2020-05-18,0,0,0,Local - Social Contact,Khyber Pakhtunkhwa,Kolai Pllas
2020-05-18,2,0,12,Local - Social Contact,Khyber Pakhtunkhwa,Battagram
2020-05-18,2,0,3,Local - Social Contact,Khyber Pakhtunkhwa,Kohat
2020-05-18,0,0,2,Local - Social Contact,Khyber Pakhtunkhwa,Hangu
2020-05-18,0,0,1,Local - Social Contact,Khyber Pakhtunkhwa,Karak
2020-05-18,0,0,0,Local - Social Contact,Khyber Pakhtunkhwa,Kurram
2020-05-18,0,0,1,Local - Social Contact,Khyber Pakhtunkhwa,Orakzai
2020-05-18,0,0,1,Local - Social Contact,Khyber Pakhtunkhwa,Bannu
2020-05-18,0,0,0,Local - Social Contact,Khyber Pakhtunkhwa,Lakki Marwat
2020-05-18,0,0,0,Local - Social Contact,Khyber Pakhtunkhwa,North Waziristan
2020-05-18,4,1,9,Local - Social Contact,Khyber Pakhtunkhwa,Dera Ismail Khan
2020-05-18,0,0,0,Local - Social Contact,Khyber Pakhtunkhwa,Tank
2020-05-18,0,0,0,Local - Social Contact,Khyber Pakhtunkhwa,South Waziristan
2020-05-18,733,8,511,Local - Social Contact,Sindh,Karachi
2020-05-18,30,2,3,Local - Social Contact,Sindh,Hyderabad
2020-05-18,0,0,0,Local - Social Contact,Sindh,Jamshoro
2020-05-18,1,0,0,Local - Social Contact,Sindh,Badin
2020-05-18,1,0,0,Local - Social Contact,Sindh,Shaheed Benazirabad
2020-05-18,2,0,0,Local - Social Contact,Sindh,Naushero Feroz
2020-05-18,0,0,0,Local - Social Contact,Sindh,Sujawal
2020-05-18,5,0,3,Local - Social Contact,Sindh,Thatta
2020-05-18,0,0,7,Local - Social Contact,Sindh,Sanghar
2020-05-18,0,0,2,Local - Social Contact,Sindh,Tando M. Khan
2020-05-18,0,0,0,Local - Social Contact,Sindh,Tando Allahyar
2020-05-18,31,0,3,Local - Social Contact,Sindh,Ghotki
2020-05-18,17,1,28,Local - Social Contact,Sindh,Sukkur
2020-05-18,1,0,19,Local - Social Contact,Sindh,Khairpur
2020-05-18,21,0,34,Local - Social Contact,Sindh,Larkana
2020-05-18,0,0,0,Local - Social Contact,Sindh,Dadu
2020-05-18,7,0,1,Local - Social Contact,Sindh,Kambar Shahdadkot
2020-05-18,2,1,6,Local - Social Contact,Sindh,Matiari
2020-05-18,5,0,1,Local - Social Contact,Sindh,Kashmore
2020-05-18,0,1,1,Local - Social Contact,Sindh,Mirpur Khas
2020-05-18,0,0,0,Local - Social Contact,Sindh,Umerkot
2020-05-18,0,0,0,Local - Social Contact,Sindh,Tharparkar
2020-05-18,7,0,40,Local - Social Contact,Sindh,Shikarpur
2020-05-18,1,0,2,Local - Social Contact,Sindh,Jacobabad
2020-05-18,0,0,23,Local - Social Contact,Sindh,Other
2020-05-19,104,0,38,Local - Social Contact,Islamabad Capital Territory,Islamabad
2020-05-19,0,0,12,Local - Social Contact,Gilgit-Baltistan,Astore
2020-05-19,1,0,0,Local - Social Contact,Gilgit-Baltistan,Ghizer
2020-05-19,0,0,4,Local - Social Contact,Gilgit-Baltistan,Gilgit
2020-05-19,98,7,0,Local - Social Contact,Khyber Pakhtunkhwa,Peshawar
2020-05-19,12,0,0,Local - Social Contact,Khyber Pakhtunkhwa,Charsadda
2020-05-19,26,1,2,Local - Social Contact,Khyber Pakhtunkhwa,Nowshera
2020-05-19,4,0,5,Local - Social Contact,Khyber Pakhtunkhwa,Khyber
2020-05-19,0,0,0,Local - Social Contact,Khyber Pakhtunkhwa,Mohmand
2020-05-19,23,0,7,Local - Social Contact,Khyber Pakhtunkhwa,Mardan
2020-05-19,8,0,7,Local - Social Contact,Khyber Pakhtunkhwa,Swabi
2020-05-19,34,0,36,Local - Social Contact,Khyber Pakhtunkhwa,Swat
2020-05-19,0,0,0,Local - Social Contact,Khyber Pakhtunkhwa,Buner
2020-05-19,18,0,0,Local - Social Contact,Khyber Pakhtunkhwa,Dir Lower
2020-05-19,5,0,13,Local - Social Contact,Khyber Pakhtunkhwa,Dir Upper
2020-05-19,2,0,0,Local - Social Contact,Khyber Pakhtunkhwa,Shangla
2020-05-19,9,0,0,Local - Social Contact,Khyber Pakhtunkhwa,Malakand
2020-05-19,2,0,5,Local - Social Contact,Khyber Pakhtunkhwa,Chitral Lower
2020-05-19,1,0,0,Local - Social Contact,Khyber Pakhtunkhwa,Chitral Upper
2020-05-19,6,1,14,Local - Social Contact,Khyber Pakhtunkhwa,Bajaur
2020-05-19,3,0,0,Local - Social Contact,Khyber Pakhtunkhwa,Mansehra
2020-05-19,4,2,2,Local - Social Contact,Khyber Pakhtunkhwa,Abbottabad
2020-05-19,1,0,0,Local - Social Contact,Khyber Pakhtunkhwa,Haripur
2020-05-19,0,0,0,Local - Social Contact,Khyber Pakhtunkhwa,Tor Ghar
2020-05-19,0,0,0,Local - Social Contact,Khyber Pakhtunkhwa,Kohistan Upper
2020-05-19,0,0,0,Local - Social Contact,Khyber Pakhtunkhwa,Kohistan Lower
2020-05-19,0,0,0,Local - Social Contact,Khyber Pakhtunkhwa,Kolai Pllas
2020-05-19,0,0,0,Local - Social Contact,Khyber Pakhtunkhwa,Battagram
2020-05-19,2,0,0,Local - Social Contact,Khyber Pakhtunkhwa,Kohat
2020-05-19,0,0,0,Local - Social Contact,Khyber Pakhtunkhwa,Hangu
2020-05-19,3,0,0,Local - Social Contact,Khyber Pakhtunkhwa,Karak
2020-05-19,3,0,0,Local - Social Contact,Khyber Pakhtunkhwa,Kurram
2020-05-19,0,0,0,Local - Social Contact,Khyber Pakhtunkhwa,Orakzai
2020-05-19,0,0,0,Local - Social Contact,Khyber Pakhtunkhwa,Bannu
2020-05-19,0,0,0,Local - Social Contact,Khyber Pakhtunkhwa,Lakki Marwat
2020-05-19,0,0,0,Local - Social Contact,Khyber Pakhtunkhwa,North Waziristan
2020-05-19,7,0,16,Local - Social Contact,Khyber Pakhtunkhwa,Dera Ismail Khan
2020-05-19,0,0,0,Local - Social Contact,Khyber Pakhtunkhwa,Tank
2020-05-19,0,0,0,Local - Social Contact,Khyber Pakhtunkhwa,South Waziristan
2020-05-19,608,14,200,Local - Social Contact,Sindh,Karachi
2020-05-19,20,0,3,Local - Social Contact,Sindh,Hyderabad
2020-05-19,10,0,0,Local - Social Contact,Sindh,Jamshoro
2020-05-19,1,0,0,Local - Social Contact,Sindh,Badin
2020-05-19,0,0,0,Local - Social Contact,Sindh,Shaheed Benazirabad
2020-05-19,0,0,0,Local - Social Contact,Sindh,Naushero Feroz
2020-05-19,0,0,0,Local - Social Contact,Sindh,Sujawal
2020-05-19,0,1,0,Local - Social Contact,Sindh,Thatta
2020-05-19,3,0,0,Local - Social Contact,Sindh,Sanghar
2020-05-19,0,0,0,Local - Social Contact,Sindh,Tando M. Khan
2020-05-19,1,0,0,Local - Social Contact,Sindh,Tando Allahyar
2020-05-19,2,0,4,Local - Social Contact,Sindh,Ghotki
2020-05-19,6,0,0,Local - Social Contact,Sindh,Sukkur
2020-05-19,5,0,3,Local - Social Contact,Sindh,Khairpur
2020-05-19,16,0,5,Local - Social Contact,Sindh,Larkana
2020-05-19,2,0,0,Local - Social Contact,Sindh,Dadu
2020-05-19,12,0,2,Local - Social Contact,Sindh,Kambar Shahdadkot
2020-05-19,0,0,6,Local - Social Contact,Sindh,Matiari
2020-05-19,2,0,0,Local - Social Contact,Sindh,Kashmore
2020-05-19,3,0,0,Local - Social Contact,Sindh,Mirpur Khas
2020-05-19,0,0,0,Local - Social Contact,Sindh,Umerkot
2020-05-19,0,0,0,Local - Social Contact,Sindh,Tharparkar
2020-05-19,6,2,26,Local - Social Contact,Sindh,Shikarpur
2020-05-19,4,0,0,Local - Social Contact,Sindh,Jacobabad
2020-05-19,5,2,1,Local - Social Contact,Sindh,Other
2020-05-20,97,1,0,Local - Social Contact,Islamabad Capital Territory,Islamabad
2020-05-20,4,0,0,Local - Social Contact,Gilgit-Baltistan,Ghanche
2020-05-20,0,0,0,Local - Social Contact,Gilgit-Baltistan,Skardu
2020-05-20,3,0,0,Local - Social Contact,Gilgit-Baltistan,Astore
2020-05-20,1,0,0,Local - Social Contact,Gilgit-Baltistan,Gilgit
2020-05-20,0,0,3,Local - Social Contact,Gilgit-Baltistan,Diamer
2020-05-20,7,0,0,Local - Social Contact,Gilgit-Baltistan,Hunza
2020-05-20,94,3,0,Local - Social Contact,Khyber Pakhtunkhwa,Peshawar
2020-05-20,1,0,0,Local - Social Contact,Khyber Pakhtunkhwa,Charsadda
2020-05-20,14,1,0,Local - Social Contact,Khyber Pakhtunkhwa,Nowshera
2020-05-20,6,0,12,Local - Social Contact,Khyber Pakhtunkhwa,Khyber
2020-05-20,2,0,0,Local - Social Contact,Khyber Pakhtunkhwa,Mohmand
2020-05-20,3,0,9,Local - Social Contact,Khyber Pakhtunkhwa,Mardan
2020-05-20,1,0,0,Local - Social Contact,Khyber Pakhtunkhwa,Swabi
2020-05-20,24,1,7,Local - Social Contact,Khyber Pakhtunkhwa,Swat
2020-05-20,1,0,10,Local - Social Contact,Khyber Pakhtunkhwa,Buner
2020-05-20,0,1,0,Local - Social Contact,Khyber Pakhtunkhwa,Dir Lower
2020-05-20,1,0,1,Local - Social Contact,Khyber Pakhtunkhwa,Dir Upper
2020-05-20,8,0,1,Local - Social Contact,Khyber Pakhtunkhwa,Shangla
2020-05-20,7,0,0,Local - Social Contact,Khyber Pakhtunkhwa,Malakand
2020-05-20,0,0,1,Local - Social Contact,Khyber Pakhtunkhwa,Chitral Lower
2020-05-20,0,0,0,Local - Social Contact,Khyber Pakhtunkhwa,Chitral Upper
2020-05-20,6,0,5,Local - Social Contact,Khyber Pakhtunkhwa,Bajaur
2020-05-20,0,0,0,Local - Social Contact,Khyber Pakhtunkhwa,Mansehra
2020-05-20,7,0,2,Local - Social Contact,Khyber Pakhtunkhwa,Abbottabad
2020-05-20,5,0,0,Local - Social Contact,Khyber Pakhtunkhwa,Haripur
2020-05-20,0,0,0,Local - Social Contact,Khyber Pakhtunkhwa,Tor Ghar
2020-05-20,0,0,0,Local - Social Contact,Khyber Pakhtunkhwa,Kohistan Upper
2020-05-20,0,0,0,Local - Social Contact,Khyber Pakhtunkhwa,Kohistan Lower
2020-05-20,0,0,0,Local - Social Contact,Khyber Pakhtunkhwa,Kolai Pllas
2020-05-20,1,0,8,Local - Social Contact,Khyber Pakhtunkhwa,Battagram
2020-05-20,2,0,1,Local - Social Contact,Khyber Pakhtunkhwa,Kohat
2020-05-20,0,0,0,Local - Social Contact,Khyber Pakhtunkhwa,Hangu
2020-05-20,0,0,0,Local - Social Contact,Khyber Pakhtunkhwa,Karak
2020-05-20,0,0,0,Local - Social Contact,Khyber Pakhtunkhwa,Kurram
2020-05-20,0,0,0,Local - Social Contact,Khyber Pakhtunkhwa,Orakzai
2020-05-20,0,0,0,Local - Social Contact,Khyber Pakhtunkhwa,Bannu
2020-05-20,0,0,0,Local - Social Contact,Khyber Pakhtunkhwa,Lakki Marwat
2020-05-20,0,0,0,Local - Social Contact,Khyber Pakhtunkhwa,North Waziristan
2020-05-20,8,0,0,Local - Social Contact,Khyber Pakhtunkhwa,Dera Ismail Khan
2020-05-20,0,0,6,Local - Social Contact,Khyber Pakhtunkhwa,Tank
2020-05-20,0,0,0,Local - Social Contact,Khyber Pakhtunkhwa,South Waziristan
2020-05-20,872,12,741,Local - Social Contact,Sindh,Karachi
2020-05-20,27,2,1,Local - Social Contact,Sindh,Hyderabad
2020-05-20,0,0,9,Local - Social Contact,Sindh,Jamshoro
2020-05-20,8,1,2,Local - Social Contact,Sindh,Badin
2020-05-20,6,1,21,Local - Social Contact,Sindh,Shaheed Benazirabad
2020-05-20,0,0,10,Local - Social Contact,Sindh,Naushero Feroz
2020-05-20,2,0,8,Local - Social Contact,Sindh,Sujawal
2020-05-20,7,0,0,Local - Social Contact,Sindh,Thatta
2020-05-20,4,0,9,Local - Social Contact,Sindh,Sanghar
2020-05-20,0,0,0,Local - Social Contact,Sindh,Tando M. Khan
2020-05-20,0,0,5,Local - Social Contact,Sindh,Tando Allahyar
2020-05-20,15,0,1,Local - Social Contact,Sindh,Ghotki
2020-05-20,15,0,0,Local - Social Contact,Sindh,Sukkur
2020-05-20,0,0,3,Local - Social Contact,Sindh,Khairpur
2020-05-20,26,0,59,Local - Social Contact,Sindh,Larkana
2020-05-20,3,0,1,Local - Social Contact,Sindh,Dadu
2020-05-20,7,0,8,Local - Social Contact,Sindh,Kambar Shahdadkot
2020-05-20,0,0,0,Local - Social Contact,Sindh,Matiari
2020-05-20,1,0,0,Local - Social Contact,Sindh,Kashmore
2020-05-20,2,0,0,Local - Social Contact,Sindh,Mirpur Khas
2020-05-20,0,1,0,Local - Social Contact,Sindh,Umerkot
2020-05-20,0,0,0,Local - Social Contact,Sindh,Tharparkar
2020-05-20,18,0,8,Local - Social Contact,Sindh,Shikarpur
2020-05-20,2,0,20,Local - Social Contact,Sindh,Jacobabad
2020-05-20,2,0,0,Local - Social Contact,Sindh,Other
2020-05-21,91,2,0,Local - Social Contact,Islamabad Capital Territory,Islamabad
2020-05-21,18,0,0,Local - Social Contact,Gilgit-Baltistan,Gilgit
2020-05-21,0,0,3,Local - Social Contact,Gilgit-Baltistan,Diamer
2020-05-21,0,0,4,Local - Social Contact,Gilgit-Baltistan,Astore
2020-05-21,92,7,0,Local - Social Contact,Khyber Pakhtunkhwa,Peshawar
2020-05-21,21,1,0,Local - Social Contact,Khyber Pakhtunkhwa,Charsadda
2020-05-21,5,0,6,Local - Social Contact,Khyber Pakhtunkhwa,Nowshera
2020-05-21,28,0,0,Local - Social Contact,Khyber Pakhtunkhwa,Khyber
2020-05-21,0,0,0,Local - Social Contact,Khyber Pakhtunkhwa,Mohmand
2020-05-21,11,0,2,Local - Social Contact,Khyber Pakhtunkhwa,Mardan
2020-05-21,12,0,0,Local - Social Contact,Khyber Pakhtunkhwa,Swabi
2020-05-21,31,0,23,Local - Social Contact,Khyber Pakhtunkhwa,Swat
2020-05-21,5,0,0,Local - Social Contact,Khyber Pakhtunkhwa,Buner
2020-05-21,18,0,0,Local - Social Contact,Khyber Pakhtunkhwa,Dir Lower
2020-05-21,2,0,0,Local - Social Contact,Khyber Pakhtunkhwa,Dir Upper
2020-05-21,6,0,2,Local - Social Contact,Khyber Pakhtunkhwa,Shangla
2020-05-21,8,0,0,Local - Social Contact,Khyber Pakhtunkhwa,Malakand
2020-05-21,0,0,1,Local - Social Contact,Khyber Pakhtunkhwa,Chitral Lower
2020-05-21,1,0,0,Local - Social Contact,Khyber Pakhtunkhwa,Chitral Upper
2020-05-21,5,2,0,Local - Social Contact,Khyber Pakhtunkhwa,Bajaur
2020-05-21,4,9,0,Local - Social Contact,Khyber Pakhtunkhwa,Mansehra
2020-05-21,16,1,2,Local - Social Contact,Khyber Pakhtunkhwa,Abbottabad
2020-05-21,1,0,0,Local - Social Contact,Khyber Pakhtunkhwa,Haripur
2020-05-21,0,0,0,Local - Social Contact,Khyber Pakhtunkhwa,Tor Ghar
2020-05-21,0,0,0,Local - Social Contact,Khyber Pakhtunkhwa,Kohistan Upper
2020-05-21,0,0,0,Local - Social Contact,Khyber Pakhtunkhwa,Kohistan Lower
2020-05-21,0,0,0,Local - Social Contact,Khyber Pakhtunkhwa,Kolai Pllas
2020-05-21,0,0,0,Local - Social Contact,Khyber Pakhtunkhwa,Battagram
2020-05-21,7,1,0,Local - Social Contact,Khyber Pakhtunkhwa,Kohat
2020-05-21,0,0,0,Local - Social Contact,Khyber Pakhtunkhwa,Hangu
2020-05-21,4,2,0,Local - Social Contact,Khyber Pakhtunkhwa,Karak
2020-05-21,0,0,0,Local - Social Contact,Khyber Pakhtunkhwa,Kurram
2020-05-21,0,0,0,Local - Social Contact,Khyber Pakhtunkhwa,Orakzai
2020-05-21,0,0,0,Local - Social Contact,Khyber Pakhtunkhwa,Bannu
2020-05-21,0,0,0,Local - Social Contact,Khyber Pakhtunkhwa,Lakki Marwat
2020-05-21,0,0,0,Local - Social Contact,Khyber Pakhtunkhwa,North Waziristan
2020-05-21,4,0,3,Local - Social Contact,Khyber Pakhtunkhwa,Dera Ismail Khan
2020-05-21,0,0,0,Local - Social Contact,Khyber Pakhtunkhwa,Tank
2020-05-21,0,0,0,Local - Social Contact,Khyber Pakhtunkhwa,South Waziristan
2020-05-21,856,0,435,Local - Social Contact,Sindh,Karachi
2020-05-21,17,0,0,Local - Social Contact,Sindh,Hyderabad
2020-05-21,1,0,0,Local - Social Contact,Sindh,Jamshoro
2020-05-21,0,0,1,Local - Social Contact,Sindh,Badin
2020-05-21,3,0,0,Local - Social Contact,Sindh,Shaheed Benazirabad
2020-05-21,1,0,0,Local - Social Contact,Sindh,Naushero Feroz
2020-05-21,1,0,0,Local - Social Contact,Sindh,Sujawal
2020-05-21,0,0,3,Local - Social Contact,Sindh,Thatta
2020-05-21,3,0,2,Local - Social Contact,Sindh,Sanghar
2020-05-21,0,0,11,Local - Social Contact,Sindh,Tando M. Khan
2020-05-21,0,0,7,Local - Social Contact,Sindh,Tando Allahyar
2020-05-21,7,0,2,Local - Social Contact,Sindh,Ghotki
2020-05-21,9,1,36,Local - Social Contact,Sindh,Sukkur
2020-05-21,0,1,146,Local - Social Contact,Sindh,Khairpur
2020-05-21,14,2,1,Local - Social Contact,Sindh,Larkana
2020-05-21,1,0,0,Local - Social Contact,Sindh,Dadu
2020-05-21,9,0,0,Local - Social Contact,Sindh,Kambar Shahdadkot
2020-05-21,0,0,9,Local - Social Contact,Sindh,Matiari
2020-05-21,0,0,4,Local - Social Contact,Sindh,Kashmore
2020-05-21,2,0,0,Local - Social Contact,Sindh,Mirpur Khas
2020-05-21,0,0,0,Local - Social Contact,Sindh,Umerkot
2020-05-21,0,0,0,Local - Social Contact,Sindh,Tharparkar
2020-05-21,22,0,21,Local - Social Contact,Sindh,Shikarpur
2020-05-21,2,0,0,Local - Social Contact,Sindh,Jacobabad
2020-05-21,12,0,2,Local - Social Contact,Sindh,Other
2020-05-22,131,0,0,Local - Social Contact,Islamabad Capital Territory,Islamabad
2020-05-22,1,0,0,Local - Social Contact,Gilgit-Baltistan,Ghanche
2020-05-22,0,0,4,Local - Social Contact,Gilgit-Baltistan,Astore
2020-05-22,5,0,0,Local - Social Contact,Gilgit-Baltistan,Gilgit
2020-05-22,0,0,2,Local - Social Contact,Gilgit-Baltistan,Ghizer
2020-05-22,111,9,11,Local - Social Contact,Khyber Pakhtunkhwa,Peshawar
2020-05-22,10,0,1,Local - Social Contact,Khyber Pakhtunkhwa,Charsadda
2020-05-22,13,1,4,Local - Social Contact,Khyber Pakhtunkhwa,Nowshera
2020-05-22,1,0,3,Local - Social Contact,Khyber Pakhtunkhwa,Khyber
2020-05-22,1,0,0,Local - Social Contact,Khyber Pakhtunkhwa,Mohmand
2020-05-22,9,1,1,Local - Social Contact,Khyber Pakhtunkhwa,Mardan
2020-05-22,2,0,2,Local - Social Contact,Khyber Pakhtunkhwa,Swabi
2020-05-22,30,0,34,Local - Social Contact,Khyber Pakhtunkhwa,Swat
2020-05-22,1,0,5,Local - Social Contact,Khyber Pakhtunkhwa,Buner
2020-05-22,4,0,7,Local - Social Contact,Khyber Pakhtunkhwa,Dir Lower
2020-05-22,3,0,2,Local - Social Contact,Khyber Pakhtunkhwa,Dir Upper
2020-05-22,0,0,0,Local - Social Contact,Khyber Pakhtunkhwa,Shangla
2020-05-22,0,0,0,Local - Social Contact,Khyber Pakhtunkhwa,Malakand
2020-05-22,0,0,1,Local - Social Contact,Khyber Pakhtunkhwa,Chitral Lower
2020-05-22,0,0,1,Local - Social Contact,Khyber Pakhtunkhwa,Chitral Upper
2020-05-22,4,1,2,Local - Social Contact,Khyber Pakhtunkhwa,Bajaur
2020-05-22,0,1,0,Local - Social Contact,Khyber Pakhtunkhwa,Mansehra
2020-05-22,11,1,0,Local - Social Contact,Khyber Pakhtunkhwa,Abbottabad
2020-05-22,5,0,10,Local - Social Contact,Khyber Pakhtunkhwa,Haripur
2020-05-22,0,0,0,Local - Social Contact,Khyber Pakhtunkhwa,Tor Ghar
2020-05-22,0,0,0,Local - Social Contact,Khyber Pakhtunkhwa,Kohistan Upper
2020-05-22,0,0,0,Local - Social Contact,Khyber Pakhtunkhwa,Kohistan Lower
2020-05-22,0,0,0,Local - Social Contact,Khyber Pakhtunkhwa,Kolai Pllas
2020-05-22,11,0,4,Local - Social Contact,Khyber Pakhtunkhwa,Battagram
2020-05-22,1,1,5,Local - Social Contact,Khyber Pakhtunkhwa,Kohat
2020-05-22,0,0,0,Local - Social Contact,Khyber Pakhtunkhwa,Hangu
2020-05-22,0,0,0,Local - Social Contact,Khyber Pakhtunkhwa,Karak
2020-05-22,0,0,0,Local - Social Contact,Khyber Pakhtunkhwa,Kurram
2020-05-22,0,0,0,Local - Social Contact,Khyber Pakhtunkhwa,Orakzai
2020-05-22,0,0,0,Local - Social Contact,Khyber Pakhtunkhwa,Bannu
2020-05-22,1,1,0,Local - Social Contact,Khyber Pakhtunkhwa,Lakki Marwat
2020-05-22,0,0,0,Local - Social Contact,Khyber Pakhtunkhwa,North Waziristan
2020-05-22,2,0,1,Local - Social Contact,Khyber Pakhtunkhwa,Dera Ismail Khan
2020-05-22,0,0,1,Local - Social Contact,Khyber Pakhtunkhwa,Tank
2020-05-22,0,0,0,Local - Social Contact,Khyber Pakhtunkhwa,South Waziristan
2020-05-22,827,4,425,Local - Social Contact,Sindh,Karachi
2020-05-22,7,0,66,Local - Social Contact,Sindh,Hyderabad
2020-05-22,6,0,0,Local - Social Contact,Sindh,Jamshoro
2020-05-22,1,0,0,Local - Social Contact,Sindh,Badin
2020-05-22,3,0,12,Local - Social Contact,Sindh,Shaheed Benazirabad
2020-05-22,0,0,4,Local - Social Contact,Sindh,Naushero Feroz
2020-05-22,1,0,3,Local - Social Contact,Sindh,Sujawal
2020-05-22,13,0,0,Local - Social Contact,Sindh,Thatta
2020-05-22,2,0,1,Local - Social Contact,Sindh,Sanghar
2020-05-22,0,0,0,Local - Social Contact,Sindh,Tando M. Khan
2020-05-22,0,0,0,Local - Social Contact,Sindh,Tando Allahyar
2020-05-22,45,0,14,Local - Social Contact,Sindh,Ghotki
2020-05-22,14,0,6,Local - Social Contact,Sindh,Sukkur
2020-05-22,3,0,91,Local - Social Contact,Sindh,Khairpur
2020-05-22,3,0,51,Local - Social Contact,Sindh,Larkana
2020-05-22,1,0,1,Local - Social Contact,Sindh,Dadu
2020-05-22,5,0,7,Local - Social Contact,Sindh,Kambar Shahdadkot
2020-05-22,1,0,3,Local - Social Contact,Sindh,Matiari
2020-05-22,2,0,0,Local - Social Contact,Sindh,Kashmore
2020-05-22,0,0,0,Local - Social Contact,Sindh,Mirpur Khas
2020-05-22,1,0,0,Local - Social Contact,Sindh,Umerkot
2020-05-22,0,0,0,Local - Social Contact,Sindh,Tharparkar
2020-05-22,10,0,0,Local - Social Contact,Sindh,Shikarpur
2020-05-22,0,0,8,Local - Social Contact,Sindh,Jacobabad
2020-05-22,14,0,-2,Local - Social Contact,Sindh,Other
2020-05-23,135,2,0,Local - Social Contact,Islamabad Capital Territory,Islamabad
2020-05-23,1,0,0,Local - Social Contact,Gilgit-Baltistan,Hunza
2020-05-23,2,0,0,Local - Social Contact,Gilgit-Baltistan,Gilgit
2020-05-23,2,0,0,Local - Social Contact,Gilgit-Baltistan,Ghanche
2020-05-23,1,0,0,Local - Social Contact,Gilgit-Baltistan,Ghizer
2020-05-23,3,0,0,Local - Social Contact,Gilgit-Baltistan,Astore
2020-05-23,93,2,22,Local - Social Contact,Khyber Pakhtunkhwa,Peshawar
2020-05-23,8,0,6,Local - Social Contact,Khyber Pakhtunkhwa,Charsadda
2020-05-23,7,0,4,Local - Social Contact,Khyber Pakhtunkhwa,Nowshera
2020-05-23,3,0,2,Local - Social Contact,Khyber Pakhtunkhwa,Khyber
2020-05-23,4,0,2,Local - Social Contact,Khyber Pakhtunkhwa,Mohmand
2020-05-23,0,0,0,Local - Social Contact,Khyber Pakhtunkhwa,Mardan
2020-05-23,0,1,2,Local - Social Contact,Khyber Pakhtunkhwa,Swabi
2020-05-23,24,1,16,Local - Social Contact,Khyber Pakhtunkhwa,Swat
2020-05-23,0,1,6,Local - Social Contact,Khyber Pakhtunkhwa,Buner
2020-05-23,5,0,5,Local - Social Contact,Khyber Pakhtunkhwa,Dir Lower
2020-05-23,3,0,3,Local - Social Contact,Khyber Pakhtunkhwa,Dir Upper
2020-05-23,4,0,0,Local - Social Contact,Khyber Pakhtunkhwa,Shangla
2020-05-23,4,0,0,Local - Social Contact,Khyber Pakhtunkhwa,Malakand
2020-05-23,0,0,0,Local - Social Contact,Khyber Pakhtunkhwa,Chitral Lower
2020-05-23,0,0,0,Local - Social Contact,Khyber Pakhtunkhwa,Chitral Upper
2020-05-23,11,0,5,Local - Social Contact,Khyber Pakhtunkhwa,Bajaur
2020-05-23,0,0,0,Local - Social Contact,Khyber Pakhtunkhwa,Mansehra
2020-05-23,18,1,2,Local - Social Contact,Khyber Pakhtunkhwa,Abbottabad
2020-05-23,3,1,5,Local - Social Contact,Khyber Pakhtunkhwa,Haripur
2020-05-23,0,0,0,Local - Social Contact,Khyber Pakhtunkhwa,Tor Ghar
2020-05-23,0,0,0,Local - Social Contact,Khyber Pakhtunkhwa,Kohistan Upper
2020-05-23,0,0,0,Local - Social Contact,Khyber Pakhtunkhwa,Kohistan Lower
2020-05-23,0,0,0,Local - Social Contact,Khyber Pakhtunkhwa,Kolai Pllas
2020-05-23,1,0,0,Local - Social Contact,Khyber Pakhtunkhwa,Battagram
2020-05-23,2,1,1,Local - Social Contact,Khyber Pakhtunkhwa,Kohat
2020-05-23,1,0,0,Local - Social Contact,Khyber Pakhtunkhwa,Hangu
2020-05-23,2,0,0,Local - Social Contact,Khyber Pakhtunkhwa,Karak
2020-05-23,0,0,0,Local - Social Contact,Khyber Pakhtunkhwa,Kurram
2020-05-23,0,0,0,Local - Social Contact,Khyber Pakhtunkhwa,Orakzai
2020-05-23,0,0,1,Local - Social Contact,Khyber Pakhtunkhwa,Bannu
2020-05-23,0,0,0,Local - Social Contact,Khyber Pakhtunkhwa,Lakki Marwat
2020-05-23,0,0,2,Local - Social Contact,Khyber Pakhtunkhwa,North Waziristan
2020-05-23,0,0,7,Local - Social Contact,Khyber Pakhtunkhwa,Dera Ismail Khan
2020-05-23,0,0,0,Local - Social Contact,Khyber Pakhtunkhwa,Tank
2020-05-23,0,0,1,Local - Social Contact,Khyber Pakhtunkhwa,South Waziristan
2020-05-23,669,12,145,Local - Social Contact,Sindh,Karachi
2020-05-23,15,1,2,Local - Social Contact,Sindh,Hyderabad
2020-05-23,1,0,0,Local - Social Contact,Sindh,Jamshoro
2020-05-23,1,0,0,Local - Social Contact,Sindh,Badin
2020-05-23,0,0,6,Local - Social Contact,Sindh,Shaheed Benazirabad
2020-05-23,0,0,4,Local - Social Contact,Sindh,Naushero Feroz
2020-05-23,0,0,0,Local - Social Contact,Sindh,Sujawal
2020-05-23,1,0,0,Local - Social Contact,Sindh,Thatta
2020-05-23,0,0,5,Local - Social Contact,Sindh,Sanghar
2020-05-23,0,0,0,Local - Social Contact,Sindh,Tando M. Khan
2020-05-23,0,0,1,Local - Social Contact,Sindh,Tando Allahyar
2020-05-23,5,0,0,Local - Social Contact,Sindh,Ghotki
2020-05-23,17,0,7,Local - Social Contact,Sindh,Sukkur
2020-05-23,15,0,0,Local - Social Contact,Sindh,Khairpur
2020-05-23,20,1,3,Local - Social Contact,Sindh,Larkana
2020-05-23,0,0,1,Local - Social Contact,Sindh,Dadu
2020-05-23,3,0,5,Local - Social Contact,Sindh,Kambar Shahdadkot
2020-05-23,0,0,8,Local - Social Contact,Sindh,Matiari
2020-05-23,0,0,2,Local - Social Contact,Sindh,Kashmore
2020-05-23,2,0,1,Local - Social Contact,Sindh,Mirpur Khas
2020-05-23,0,0,0,Local - Social Contact,Sindh,Umerkot
2020-05-23,1,0,0,Local - Social Contact,Sindh,Tharparkar
2020-05-23,8,0,0,Local - Social Contact,Sindh,Shikarpur
2020-05-23,2,0,12,Local - Social Contact,Sindh,Jacobabad
2020-05-23,2,0,0,Local - Social Contact,Sindh,Other
2020-05-24,49,2,0,Local - Social Contact,Islamabad Capital Territory,Islamabad
2020-05-24,0,3,1,Local - Social Contact,Gilgit-Baltistan,Gilgit
2020-05-24,1,0,0,Local - Social Contact,Gilgit-Baltistan,Ghizer
2020-05-24,0,0,7,Local - Social Contact,Gilgit-Baltistan,Astore
2020-05-24,42,2,10,Local - Social Contact,Khyber Pakhtunkhwa,Peshawar
2020-05-24,2,0,1,Local - Social Contact,Khyber Pakhtunkhwa,Charsadda
2020-05-24,8,2,4,Local - Social Contact,Khyber Pakhtunkhwa,Nowshera
2020-05-24,0,0,0,Local - Social Contact,Khyber Pakhtunkhwa,Khyber
2020-05-24,0,0,0,Local - Social Contact,Khyber Pakhtunkhwa,Mohmand
2020-05-24,21,1,1,Local - Social Contact,Khyber Pakhtunkhwa,Mardan
2020-05-24,1,0,1,Local - Social Contact,Khyber Pakhtunkhwa,Swabi
2020-05-24,18,0,17,Local - Social Contact,Khyber Pakhtunkhwa,Swat
2020-05-24,5,0,0,Local - Social Contact,Khyber Pakhtunkhwa,Buner
2020-05-24,0,0,0,Local - Social Contact,Khyber Pakhtunkhwa,Dir Lower
2020-05-24,0,0,0,Local - Social Contact,Khyber Pakhtunkhwa,Dir Upper
2020-05-24,0,0,2,Local - Social Contact,Khyber Pakhtunkhwa,Shangla
2020-05-24,45,3,18,Local - Social Contact,Khyber Pakhtunkhwa,Malakand
2020-05-24,0,0,0,Local - Social Contact,Khyber Pakhtunkhwa,Chitral Lower
2020-05-24,0,0,0,Local - Social Contact,Khyber Pakhtunkhwa,Chitral Upper
2020-05-24,10,0,2,Local - Social Contact,Khyber Pakhtunkhwa,Bajaur
2020-05-24,7,0,0,Local - Social Contact,Khyber Pakhtunkhwa,Mansehra
2020-05-24,26,1,3,Local - Social Contact,Khyber Pakhtunkhwa,Abbottabad
2020-05-24,4,0,0,Local - Social Contact,Khyber Pakhtunkhwa,Haripur
2020-05-24,0,0,0,Local - Social Contact,Khyber Pakhtunkhwa,Tor Ghar
2020-05-24,0,0,0,Local - Social Contact,Khyber Pakhtunkhwa,Kohistan Upper
2020-05-24,0,0,0,Local - Social Contact,Khyber Pakhtunkhwa,Kohistan Lower
2020-05-24,0,0,0,Local - Social Contact,Khyber Pakhtunkhwa,Kolai Pllas
2020-05-24,5,0,4,Local - Social Contact,Khyber Pakhtunkhwa,Battagram
2020-05-24,3,0,0,Local - Social Contact,Khyber Pakhtunkhwa,Kohat
2020-05-24,0,0,0,Local - Social Contact,Khyber Pakhtunkhwa,Hangu
2020-05-24,4,0,0,Local - Social Contact,Khyber Pakhtunkhwa,Karak
2020-05-24,7,0,0,Local - Social Contact,Khyber Pakhtunkhwa,Kurram
2020-05-24,0,0,0,Local - Social Contact,Khyber Pakhtunkhwa,Orakzai
2020-05-24,0,0,4,Local - Social Contact,Khyber Pakhtunkhwa,Bannu
2020-05-24,2,0,0,Local - Social Contact,Khyber Pakhtunkhwa,Lakki Marwat
2020-05-24,0,0,0,Local - Social Contact,Khyber Pakhtunkhwa,North Waziristan
2020-05-24,5,0,2,Local - Social Contact,Khyber Pakhtunkhwa,Dera Ismail Khan
2020-05-24,0,0,1,Local - Social Contact,Khyber Pakhtunkhwa,Tank
2020-05-24,0,0,0,Local - Social Contact,Khyber Pakhtunkhwa,South Waziristan
2020-05-24,846,13,146,Local - Social Contact,Sindh,Karachi
2020-05-25,87,1,0,Local - Social Contact,Islamabad Capital Territory,Islamabad
2020-05-25,5,1,0,Local - Social Contact,Gilgit-Baltistan,Gilgit
2020-05-25,5,0,0,Local - Social Contact,Gilgit-Baltistan,Hunza
2020-05-25,1,0,0,Local - Social Contact,Gilgit-Baltistan,Ghanche
2020-05-25,0,0,2,Local - Social Contact,Gilgit-Baltistan,Diamer
2020-05-25,0,0,2,Local - Social Contact,Gilgit-Baltistan,Nagar
2020-05-25,0,0,1,Local - Social Contact,Gilgit-Baltistan,Astore
2020-05-25,71,5,17,Local - Social Contact,Khyber Pakhtunkhwa,Peshawar
2020-05-25,1,0,0,Local - Social Contact,Khyber Pakhtunkhwa,Charsadda
2020-05-25,6,0,1,Local - Social Contact,Khyber Pakhtunkhwa,Nowshera
2020-05-25,0,1,1,Local - Social Contact,Khyber Pakhtunkhwa,Khyber
2020-05-25,0,0,0,Local - Social Contact,Khyber Pakhtunkhwa,Mohmand
2020-05-25,13,0,3,Local - Social Contact,Khyber Pakhtunkhwa,Mardan
2020-05-25,19,0,4,Local - Social Contact,Khyber Pakhtunkhwa,Swabi
2020-05-25,20,1,6,Local - Social Contact,Khyber Pakhtunkhwa,Swat
2020-05-25,0,0,0,Local - Social Contact,Khyber Pakhtunkhwa,Buner
2020-05-25,7,0,1,Local - Social Contact,Khyber Pakhtunkhwa,Dir Lower
2020-05-25,4,0,13,Local - Social Contact,Khyber Pakhtunkhwa,Dir Upper
2020-05-25,0,0,0,Local - Social Contact,Khyber Pakhtunkhwa,Shangla
2020-05-25,12,2,3,Local - Social Contact,Khyber Pakhtunkhwa,Malakand
2020-05-25,1,0,0,Local - Social Contact,Khyber Pakhtunkhwa,Chitral Lower
2020-05-25,2,0,0,Local - Social Contact,Khyber Pakhtunkhwa,Chitral Upper
2020-05-25,5,1,5,Local - Social Contact,Khyber Pakhtunkhwa,Bajaur
2020-05-25,2,0,2,Local - Social Contact,Khyber Pakhtunkhwa,Mansehra
2020-05-25,9,0,3,Local - Social Contact,Khyber Pakhtunkhwa,Abbottabad
2020-05-25,2,0,1,Local - Social Contact,Khyber Pakhtunkhwa,Haripur
2020-05-25,0,0,0,Local - Social Contact,Khyber Pakhtunkhwa,Tor Ghar
2020-05-25,0,0,0,Local - Social Contact,Khyber Pakhtunkhwa,Kohistan Upper
2020-05-25,0,0,0,Local - Social Contact,Khyber Pakhtunkhwa,Kohistan Lower
2020-05-25,0,0,0,Local - Social Contact,Khyber Pakhtunkhwa,Kolai Pllas
2020-05-25,0,0,0,Local - Social Contact,Khyber Pakhtunkhwa,Battagram
2020-05-25,0,0,0,Local - Social Contact,Khyber Pakhtunkhwa,Kohat
2020-05-25,0,0,0,Local - Social Contact,Khyber Pakhtunkhwa,Hangu
2020-05-25,0,0,0,Local - Social Contact,Khyber Pakhtunkhwa,Karak
2020-05-25,0,0,0,Local - Social Contact,Khyber Pakhtunkhwa,Kurram
2020-05-25,0,0,0,Local - Social Contact,Khyber Pakhtunkhwa,Orakzai
2020-05-25,0,0,0,Local - Social Contact,Khyber Pakhtunkhwa,Bannu
2020-05-25,0,0,0,Local - Social Contact,Khyber Pakhtunkhwa,Lakki Marwat
2020-05-25,1,0,0,Local - Social Contact,Khyber Pakhtunkhwa,North Waziristan
2020-05-25,0,0,0,Local - Social Contact,Khyber Pakhtunkhwa,Dera Ismail Khan
2020-05-25,0,0,0,Local - Social Contact,Khyber Pakhtunkhwa,Tank
2020-05-25,0,0,0,Local - Social Contact,Khyber Pakhtunkhwa,South Waziristan
2020-05-25,443,2,614,Local - Social Contact,Sindh,Karachi
2020-05-26,151,1,0,Local - Social Contact,Islamabad Capital Territory,Islamabad
2020-05-26,0,1,0,Local - Social Contact,Gilgit-Baltistan,Gilgit
2020-05-26,1,0,0,Local - Social Contact,Gilgit-Baltistan,Shigar
2020-05-26,1,0,0,Local - Social Contact,Gilgit-Baltistan,Hunza
2020-05-26,0,0,1,Local - Social Contact,Gilgit-Baltistan,Ghizer
2020-05-26,0,0,8,Local - Social Contact,Gilgit-Baltistan,Astore
2020-05-26,60,2,19,Local - Social Contact,Khyber Pakhtunkhwa,Peshawar
2020-05-26,16,0,1,Local - Social Contact,Khyber Pakhtunkhwa,Charsadda
2020-05-26,0,0,0,Local - Social Contact,Khyber Pakhtunkhwa,Nowshera
2020-05-26,0,0,0,Local - Social Contact,Khyber Pakhtunkhwa,Khyber
2020-05-26,0,0,0,Local - Social Contact,Khyber Pakhtunkhwa,Mohmand
2020-05-26,2,0,3,Local - Social Contact,Khyber Pakhtunkhwa,Mardan
2020-05-26,4,0,0,Local - Social Contact,Khyber Pakhtunkhwa,Swabi
2020-05-26,31,4,2,Local - Social Contact,Khyber Pakhtunkhwa,Swat
2020-05-26,2,0,5,Local - Social Contact,Khyber Pakhtunkhwa,Buner
2020-05-26,17,0,1,Local - Social Contact,Khyber Pakhtunkhwa,Dir Lower
2020-05-26,3,0,2,Local - Social Contact,Khyber Pakhtunkhwa,Dir Upper
2020-05-26,8,0,7,Local - Social Contact,Khyber Pakhtunkhwa,Shangla
2020-05-26,4,1,4,Local - Social Contact,Khyber Pakhtunkhwa,Malakand
2020-05-26,2,0,3,Local - Social Contact,Khyber Pakhtunkhwa,Chitral Lower
2020-05-26,0,0,0,Local - Social Contact,Khyber Pakhtunkhwa,Chitral Upper
2020-05-26,4,1,0,Local - Social Contact,Khyber Pakhtunkhwa,Bajaur
2020-05-26,0,0,0,Local - Social Contact,Khyber Pakhtunkhwa,Mansehra
2020-05-26,17,0,0,Local - Social Contact,Khyber Pakhtunkhwa,Abbottabad
2020-05-26,3,0,0,Local - Social Contact,Khyber Pakhtunkhwa,Haripur
2020-05-26,0,0,0,Local - Social Contact,Khyber Pakhtunkhwa,Tor Ghar
2020-05-26,0,0,0,Local - Social Contact,Khyber Pakhtunkhwa,Kohistan Upper
2020-05-26,0,0,0,Local - Social Contact,Khyber Pakhtunkhwa,Kohistan Lower
2020-05-26,0,0,0,Local - Social Contact,Khyber Pakhtunkhwa,Kolai Pllas
2020-05-26,2,0,0,Local - Social Contact,Khyber Pakhtunkhwa,Battagram
2020-05-26,0,0,2,Local - Social Contact,Khyber Pakhtunkhwa,Kohat
2020-05-26,0,0,0,Local - Social Contact,Khyber Pakhtunkhwa,Hangu
2020-05-26,4,0,0,Local - Social Contact,Khyber Pakhtunkhwa,Karak
2020-05-26,0,0,0,Local - Social Contact,Khyber Pakhtunkhwa,Kurram
2020-05-26,0,0,0,Local - Social Contact,Khyber Pakhtunkhwa,Orakzai
2020-05-26,0,0,0,Local - Social Contact,Khyber Pakhtunkhwa,Bannu
2020-05-26,0,0,0,Local - Social Contact,Khyber Pakhtunkhwa,Lakki Marwat
2020-05-26,0,0,0,Local - Social Contact,Khyber Pakhtunkhwa,North Waziristan
2020-05-26,0,0,0,Local - Social Contact,Khyber Pakhtunkhwa,Dera Ismail Khan
2020-05-26,0,0,0,Local - Social Contact,Khyber Pakhtunkhwa,Tank
2020-05-26,0,0,0,Local - Social Contact,Khyber Pakhtunkhwa,South Waziristan
2020-05-26,573,5,542,Local - Social Contact,Sindh,Karachi
2020-05-27,136,1,0,Local - Social Contact,Islamabad Capital Territory,Islamabad
2020-05-27,699,6,755,Local - Social Contact,Sindh,Karachi
2020-05-27,79,7,6,Local - Social Contact,Khyber Pakhtunkhwa,Peshawar
2020-05-27,2,0,0,Local - Social Contact,Khyber Pakhtunkhwa,Charsadda
2020-05-27,5,0,5,Local - Social Contact,Khyber Pakhtunkhwa,Nowshera
2020-05-27,1,0,3,Local - Social Contact,Khyber Pakhtunkhwa,Khyber
2020-05-27,0,0,0,Local - Social Contact,Khyber Pakhtunkhwa,Mohmand
2020-05-27,7,0,12,Local - Social Contact,Khyber Pakhtunkhwa,Mardan
2020-05-27,4,0,3,Local - Social Contact,Khyber Pakhtunkhwa,Swabi
2020-05-27,1,1,0,Local - Social Contact,Khyber Pakhtunkhwa,Swat
2020-05-27,0,0,0,Local - Social Contact,Khyber Pakhtunkhwa,Buner
2020-05-27,10,0,1,Local - Social Contact,Khyber Pakhtunkhwa,Dir Lower
2020-05-27,1,0,0,Local - Social Contact,Khyber Pakhtunkhwa,Dir Upper
2020-05-27,0,0,0,Local - Social Contact,Khyber Pakhtunkhwa,Shangla
2020-05-27,0,0,0,Local - Social Contact,Khyber Pakhtunkhwa,Malakand
2020-05-27,0,0,0,Local - Social Contact,Khyber Pakhtunkhwa,Chitral Lower
2020-05-27,0,0,0,Local - Social Contact,Khyber Pakhtunkhwa,Chitral Upper
2020-05-27,14,0,0,Local - Social Contact,Khyber Pakhtunkhwa,Bajaur
2020-05-27,26,0,0,Local - Social Contact,Khyber Pakhtunkhwa,Mansehra
2020-05-27,6,0,0,Local - Social Contact,Khyber Pakhtunkhwa,Abbottabad
2020-05-27,0,0,0,Local - Social Contact,Khyber Pakhtunkhwa,Haripur
2020-05-27,0,0,0,Local - Social Contact,Khyber Pakhtunkhwa,Tor Ghar
2020-05-27,0,0,0,Local - Social Contact,Khyber Pakhtunkhwa,Kohistan Upper
2020-05-27,0,0,0,Local - Social Contact,Khyber Pakhtunkhwa,Kohistan Lower
2020-05-27,0,0,0,Local - Social Contact,Khyber Pakhtunkhwa,Kolai Pllas
2020-05-27,3,0,0,Local - Social Contact,Khyber Pakhtunkhwa,Battagram
2020-05-27,4,1,0,Local - Social Contact,Khyber Pakhtunkhwa,Kohat
2020-05-27,0,0,0,Local - Social Contact,Khyber Pakhtunkhwa,Hangu
2020-05-27,6,0,5,Local - Social Contact,Khyber Pakhtunkhwa,Karak
2020-05-27,0,0,0,Local - Social Contact,Khyber Pakhtunkhwa,Kurram
2020-05-27,0,0,0,Local - Social Contact,Khyber Pakhtunkhwa,Orakzai
2020-05-27,0,0,0,Local - Social Contact,Khyber Pakhtunkhwa,Bannu
2020-05-27,0,0,0,Local - Social Contact,Khyber Pakhtunkhwa,Lakki Marwat
2020-05-27,0,0,0,Local - Social Contact,Khyber Pakhtunkhwa,North Waziristan
2020-05-27,0,0,0,Local - Social Contact,Khyber Pakhtunkhwa,Dera Ismail Khan
2020-05-27,0,0,1,Local - Social Contact,Khyber Pakhtunkhwa,Tank
2020-05-27,0,0,0,Local - Social Contact,Khyber Pakhtunkhwa,South Waziristan
2020-05-28,871,5,1278,Local - Social Contact,Sindh,Karachi
2020-05-28,32,2,81,Local - Social Contact,Sindh,Hyderabad
2020-05-28,7,0,7,Local - Social Contact,Sindh,Jamshoro
2020-05-28,0,3,6,Local - Social Contact,Sindh,Badin
2020-05-28,1,0,14,Local - Social Contact,Sindh,Shaheed Benazirabad
2020-05-28,17,1,10,Local - Social Contact,Sindh,Naushero Feroz
2020-05-28,0,0,2,Local - Social Contact,Sindh,Sujawal
2020-05-28,10,0,1,Local - Social Contact,Sindh,Thatta
2020-05-28,4,1,17,Local - Social Contact,Sindh,Sanghar
2020-05-28,4,0,11,Local - Social Contact,Sindh,Tando M. Khan
2020-05-28,0,0,2,Local - Social Contact,Sindh,Tando Allahyar
2020-05-28,18,1,86,Local - Social Contact,Sindh,Ghotki
2020-05-28,19,0,57,Local - Social Contact,Sindh,Sukkur
2020-05-28,14,0,89,Local - Social Contact,Sindh,Khairpur
2020-05-28,20,0,73,Local - Social Contact,Sindh,Larkana
2020-05-28,2,0,3,Local - Social Contact,Sindh,Dadu
2020-05-28,31,0,37,Local - Social Contact,Sindh,Kambar Shahdadkot
2020-05-28,0,0,0,Local - Social Contact,Sindh,Matiari
2020-05-28,3,0,19,Local - Social Contact,Sindh,Kashmore
2020-05-28,10,1,9,Local - Social Contact,Sindh,Mirpur Khas
2020-05-28,0,0,1,Local - Social Contact,Sindh,Umerkot
2020-05-28,2,0,1,Local - Social Contact,Sindh,Tharparkar
2020-05-28,25,2,57,Local - Social Contact,Sindh,Shikarpur
2020-05-28,11,0,56,Local - Social Contact,Sindh,Jacobabad
2020-05-28,2,2,7,Local - Social Contact,Sindh,Other
2020-05-28,85,3,9,Local - Social Contact,Islamabad Capital Territory,Islamabad
2020-05-28,114,2,8,Local - Social Contact,Khyber Pakhtunkhwa,Peshawar
2020-05-28,0,0,0,Local - Social Contact,Khyber Pakhtunkhwa,Charsadda
2020-05-28,3,0,13,Local - Social Contact,Khyber Pakhtunkhwa,Nowshera
2020-05-28,23,0,1,Local - Social Contact,Khyber Pakhtunkhwa,Khyber
2020-05-28,0,0,0,Local - Social Contact,Khyber Pakhtunkhwa,Mohmand
2020-05-28,8,1,4,Local - Social Contact,Khyber Pakhtunkhwa,Mardan
2020-05-28,1,0,2,Local - Social Contact,Khyber Pakhtunkhwa,Swabi
2020-05-28,76,1,11,Local - Social Contact,Khyber Pakhtunkhwa,Swat
2020-05-28,6,0,3,Local - Social Contact,Khyber Pakhtunkhwa,Buner
2020-05-28,12,0,3,Local - Social Contact,Khyber Pakhtunkhwa,Dir Lower
2020-05-28,1,0,0,Local - Social Contact,Khyber Pakhtunkhwa,Dir Upper
2020-05-28,3,0,0,Local - Social Contact,Khyber Pakhtunkhwa,Shangla
2020-05-28,20,1,4,Local - Social Contact,Khyber Pakhtunkhwa,Malakand
2020-05-28,0,0,0,Local - Social Contact,Khyber Pakhtunkhwa,Chitral Lower
2020-05-28,0,0,0,Local - Social Contact,Khyber Pakhtunkhwa,Chitral Upper
2020-05-28,7,0,2,Local - Social Contact,Khyber Pakhtunkhwa,Bajaur
2020-05-28,3,0,2,Local - Social Contact,Khyber Pakhtunkhwa,Mansehra
2020-05-28,12,1,2,Local - Social Contact,Khyber Pakhtunkhwa,Abbottabad
2020-05-28,1,0,0,Local - Social Contact,Khyber Pakhtunkhwa,Haripur
2020-05-28,0,0,0,Local - Social Contact,Khyber Pakhtunkhwa,Tor Ghar
2020-05-28,0,0,0,Local - Social Contact,Khyber Pakhtunkhwa,Kohistan Upper
2020-05-28,0,0,0,Local - Social Contact,Khyber Pakhtunkhwa,Kohistan Lower
2020-05-28,0,0,0,Local - Social Contact,Khyber Pakhtunkhwa,Kolai Pllas
2020-05-28,0,0,0,Local - Social Contact,Khyber Pakhtunkhwa,Battagram
2020-05-28,1,1,0,Local - Social Contact,Khyber Pakhtunkhwa,Kohat
2020-05-28,0,0,0,Local - Social Contact,Khyber Pakhtunkhwa,Hangu
2020-05-28,1,0,1,Local - Social Contact,Khyber Pakhtunkhwa,Karak
2020-05-28,0,0,2,Local - Social Contact,Khyber Pakhtunkhwa,Kurram
2020-05-28,0,0,0,Local - Social Contact,Khyber Pakhtunkhwa,Orakzai
2020-05-28,0,0,1,Local - Social Contact,Khyber Pakhtunkhwa,Bannu
2020-05-28,0,0,0,Local - Social Contact,Khyber Pakhtunkhwa,Lakki Marwat
2020-05-28,0,0,0,Local - Social Contact,Khyber Pakhtunkhwa,North Waziristan
2020-05-28,0,0,3,Local - Social Contact,Khyber Pakhtunkhwa,Dera Ismail Khan
2020-05-28,0,0,0,Local - Social Contact,Khyber Pakhtunkhwa,Tank
2020-05-28,0,0,0,Local - Social Contact,Khyber Pakhtunkhwa,South Waziristan
2020-05-29,92,1,0,Local - Social Contact,Islamabad Capital Territory,Islamabad
2020-05-29,1,0,0,Local - Social Contact,Gilgit-Baltistan,Hunza
2020-05-29,1,0,0,Local - Social Contact,Gilgit-Baltistan,Nagar
2020-05-29,2,0,0,Local - Social Contact,Gilgit-Baltistan,Skardu
2020-05-29,0,0,4,Local - Social Contact,Gilgit-Baltistan,Astore
2020-05-29,2,0,0,Local - Social Contact,Gilgit-Baltistan,Diamer
2020-05-29,83,5,8,Local - Social Contact,Khyber Pakhtunkhwa,Peshawar
2020-05-29,2,0,0,Local - Social Contact,Khyber Pakhtunkhwa,Charsadda
2020-05-29,7,0,0,Local - Social Contact,Khyber Pakhtunkhwa,Nowshera
2020-05-29,0,0,2,Local - Social Contact,Khyber Pakhtunkhwa,Khyber
2020-05-29,0,0,0,Local - Social Contact,Khyber Pakhtunkhwa,Mohmand
2020-05-29,0,1,1,Local - Social Contact,Khyber Pakhtunkhwa,Mardan
2020-05-29,0,0,1,Local - Social Contact,Khyber Pakhtunkhwa,Swabi
2020-05-29,40,2,5,Local - Social Contact,Khyber Pakhtunkhwa,Swat
2020-05-29,0,0,0,Local - Social Contact,Khyber Pakhtunkhwa,Buner
2020-05-29,7,0,5,Local - Social Contact,Khyber Pakhtunkhwa,Dir Lower
2020-05-29,0,0,0,Local - Social Contact,Khyber Pakhtunkhwa,Dir Upper
2020-05-29,21,0,8,Local - Social Contact,Khyber Pakhtunkhwa,Shangla
2020-05-29,0,1,0,Local - Social Contact,Khyber Pakhtunkhwa,Malakand
2020-05-29,0,0,0,Local - Social Contact,Khyber Pakhtunkhwa,Chitral Lower
2020-05-29,0,0,0,Local - Social Contact,Khyber Pakhtunkhwa,Chitral Upper
2020-05-29,1,3,0,Local - Social Contact,Khyber Pakhtunkhwa,Bajaur
2020-05-29,1,0,0,Local - Social Contact,Khyber Pakhtunkhwa,Mansehra
2020-05-29,1,0,0,Local - Social Contact,Khyber Pakhtunkhwa,Abbottabad
2020-05-29,0,0,0,Local - Social Contact,Khyber Pakhtunkhwa,Haripur
2020-05-29,0,0,0,Local - Social Contact,Khyber Pakhtunkhwa,Tor Ghar
2020-05-29,0,0,0,Local - Social Contact,Khyber Pakhtunkhwa,Kohistan Upper
2020-05-29,0,0,0,Local - Social Contact,Khyber Pakhtunkhwa,Kohistan Lower
2020-05-29,0,0,0,Local - Social Contact,Khyber Pakhtunkhwa,Kolai Pllas
2020-05-29,9,1,0,Local - Social Contact,Khyber Pakhtunkhwa,Battagram
2020-05-29,0,0,0,Local - Social Contact,Khyber Pakhtunkhwa,Kohat
2020-05-29,0,0,0,Local - Social Contact,Khyber Pakhtunkhwa,Hangu
2020-05-29,1,0,1,Local - Social Contact,Khyber Pakhtunkhwa,Karak
2020-05-29,43,0,3,Local - Social Contact,Khyber Pakhtunkhwa,Kurram
2020-05-29,0,0,0,Local - Social Contact,Khyber Pakhtunkhwa,Orakzai
2020-05-29,0,0,0,Local - Social Contact,Khyber Pakhtunkhwa,Bannu
2020-05-29,0,0,0,Local - Social Contact,Khyber Pakhtunkhwa,Lakki Marwat
2020-05-29,0,0,0,Local - Social Contact,Khyber Pakhtunkhwa,North Waziristan
2020-05-29,2,0,5,Local - Social Contact,Khyber Pakhtunkhwa,Dera Ismail Khan
2020-05-29,0,0,0,Local - Social Contact,Khyber Pakhtunkhwa,Tank
2020-05-29,0,0,0,Local - Social Contact,Khyber Pakhtunkhwa,South Waziristan
2020-05-29,634,30,1431,Local - Social Contact,Sindh,Karachi
2020-05-29,37,0,28,Local - Social Contact,Sindh,Hyderabad
2020-05-29,10,0,6,Local - Social Contact,Sindh,Jamshoro
2020-05-29,7,0,1,Local - Social Contact,Sindh,Badin
2020-05-29,1,0,2,Local - Social Contact,Sindh,Shaheed Benazirabad
2020-05-29,1,0,0,Local - Social Contact,Sindh,Naushero Feroz
2020-05-29,0,0,0,Local - Social Contact,Sindh,Sujawal
2020-05-29,0,0,0,Local - Social Contact,Sindh,Thatta
2020-05-29,2,0,1,Local - Social Contact,Sindh,Sanghar
2020-05-29,1,0,1,Local - Social Contact,Sindh,Tando M. Khan
2020-05-29,0,0,-1,Local - Social Contact,Sindh,Tando Allahyar
2020-05-29,24,0,8,Local - Social Contact,Sindh,Ghotki
2020-05-29,31,0,6,Local - Social Contact,Sindh,Sukkur
2020-05-29,1,0,0,Local - Social Contact,Sindh,Khairpur
2020-05-29,23,0,30,Local - Social Contact,Sindh,Larkana
2020-05-29,4,0,1,Local - Social Contact,Sindh,Dadu
2020-05-29,0,0,23,Local - Social Contact,Sindh,Kambar Shahdadkot
2020-05-29,4,0,11,Local - Social Contact,Sindh,Matiari
2020-05-29,1,1,0,Local - Social Contact,Sindh,Kashmore
2020-05-29,2,0,2,Local - Social Contact,Sindh,Mirpur Khas
2020-05-29,3,0,-1,Local - Social Contact,Sindh,Umerkot
2020-05-29,0,0,1,Local - Social Contact,Sindh,Tharparkar
2020-05-29,7,0,8,Local - Social Contact,Sindh,Shikarpur
2020-05-29,10,0,1,Local - Social Contact,Sindh,Jacobabad
2020-05-29,1,0,1,Local - Social Contact,Sindh,Other
2020-05-30,226,4,8,Local - Social Contact,Islamabad Capital Territory,Islamabad
2020-05-30,0,1,0,Local - Social Contact,Gilgit-Baltistan,Gilgit
2020-05-30,2,0,0,Local - Social Contact,Gilgit-Baltistan,Skardu
2020-05-30,3,0,0,Local - Social Contact,Gilgit-Baltistan,Ghanche
2020-05-30,0,1,0,Local - Social Contact,Gilgit-Baltistan,Astore
2020-05-30,0,0,4,Local - Social Contact,Gilgit-Baltistan,Diamer
2020-05-30,0,0,3,Local - Social Contact,Gilgit-Baltistan,Gilgit
2020-05-30,6,0,0,Local - Social Contact,Gilgit-Baltistan,Nagar
2020-05-30,1,0,0,Local - Social Contact,Gilgit-Baltistan,Ghizer
2020-05-30,157,4,21,Local - Social Contact,Khyber Pakhtunkhwa,Peshawar
2020-05-30,28,1,3,Local - Social Contact,Khyber Pakhtunkhwa,Charsadda
2020-05-30,13,0,3,Local - Social Contact,Khyber Pakhtunkhwa,Nowshera
2020-05-30,28,0,0,Local - Social Contact,Khyber Pakhtunkhwa,Khyber
2020-05-30,0,0,0,Local - Social Contact,Khyber Pakhtunkhwa,Mohmand
2020-05-30,49,0,1,Local - Social Contact,Khyber Pakhtunkhwa,Mardan
2020-05-30,0,0,7,Local - Social Contact,Khyber Pakhtunkhwa,Swabi
2020-05-30,1,1,12,Local - Social Contact,Khyber Pakhtunkhwa,Swat
2020-05-30,1,1,0,Local - Social Contact,Khyber Pakhtunkhwa,Buner
2020-05-30,15,0,4,Local - Social Contact,Khyber Pakhtunkhwa,Dir Lower
2020-05-30,20,0,10,Local - Social Contact,Khyber Pakhtunkhwa,Dir Upper
2020-05-30,10,0,2,Local - Social Contact,Khyber Pakhtunkhwa,Shangla
2020-05-30,16,0,1,Local - Social Contact,Khyber Pakhtunkhwa,Malakand
2020-05-30,0,0,1,Local - Social Contact,Khyber Pakhtunkhwa,Chitral Lower
2020-05-30,1,0,1,Local - Social Contact,Khyber Pakhtunkhwa,Chitral Upper
2020-05-30,20,0,5,Local - Social Contact,Khyber Pakhtunkhwa,Bajaur
2020-05-30,0,0,0,Local - Social Contact,Khyber Pakhtunkhwa,Mansehra
2020-05-30,9,1,0,Local - Social Contact,Khyber Pakhtunkhwa,Abbottabad
2020-05-30,7,0,4,Local - Social Contact,Khyber Pakhtunkhwa,Haripur
2020-05-30,0,0,0,Local - Social Contact,Khyber Pakhtunkhwa,Tor Ghar
2020-05-30,0,0,0,Local - Social Contact,Khyber Pakhtunkhwa,Kohistan Upper
2020-05-30,0,0,0,Local - Social Contact,Khyber Pakhtunkhwa,Kohistan Lower
2020-05-30,0,0,0,Local - Social Contact,Khyber Pakhtunkhwa,Kolai Pllas
2020-05-30,8,0,0,Local - Social Contact,Khyber Pakhtunkhwa,Battagram
2020-05-30,7,0,1,Local - Social Contact,Khyber Pakhtunkhwa,Kohat
2020-05-30,1,0,2,Local - Social Contact,Khyber Pakhtunkhwa,Hangu
2020-05-30,5,0,0,Local - Social Contact,Khyber Pakhtunkhwa,Karak
2020-05-30,0,0,0,Local - Social Contact,Khyber Pakhtunkhwa,Kurram
2020-05-30,0,0,0,Local - Social Contact,Khyber Pakhtunkhwa,Orakzai
2020-05-30,0,0,0,Local - Social Contact,Khyber Pakhtunkhwa,Bannu
2020-05-30,0,0,0,Local - Social Contact,Khyber Pakhtunkhwa,Lakki Marwat
2020-05-30,0,0,0,Local - Social Contact,Khyber Pakhtunkhwa,North Waziristan
2020-05-30,0,0,0,Local - Social Contact,Khyber Pakhtunkhwa,Dera Ismail Khan
2020-05-30,0,0,0,Local - Social Contact,Khyber Pakhtunkhwa,Tank
2020-05-30,0,0,0,Local - Social Contact,Khyber Pakhtunkhwa,South Waziristan
2020-05-30,1043,35,454,Local - Social Contact,Sindh,Karachi
2020-05-30,24,1,26,Local - Social Contact,Sindh,Hyderabad
2020-05-30,14,0,2,Local - Social Contact,Sindh,Jamshoro
2020-05-30,3,0,0,Local - Social Contact,Sindh,Badin
2020-05-30,8,0,0,Local - Social Contact,Sindh,Shaheed Benazirabad
2020-05-30,0,0,0,Local - Social Contact,Sindh,Naushero Feroz
2020-05-30,8,0,0,Local - Social Contact,Sindh,Sujawal
2020-05-30,3,1,0,Local - Social Contact,Sindh,Thatta
2020-05-30,1,0,0,Local - Social Contact,Sindh,Sanghar
2020-05-30,0,0,0,Local - Social Contact,Sindh,Tando M. Khan
2020-05-30,0,0,0,Local - Social Contact,Sindh,Tando Allahyar
2020-05-30,29,0,8,Local - Social Contact,Sindh,Ghotki
2020-05-30,21,1,7,Local - Social Contact,Sindh,Sukkur
2020-05-30,8,0,1,Local - Social Contact,Sindh,Khairpur
2020-05-30,23,0,2,Local - Social Contact,Sindh,Larkana
2020-05-30,4,0,1,Local - Social Contact,Sindh,Dadu
2020-05-30,5,0,9,Local - Social Contact,Sindh,Kambar Shahdadkot
2020-05-30,0,0,2,Local - Social Contact,Sindh,Matiari
2020-05-30,5,0,0,Local - Social Contact,Sindh,Kashmore
2020-05-30,5,0,3,Local - Social Contact,Sindh,Mirpur Khas
2020-05-30,0,0,0,Local - Social Contact,Sindh,Umerkot
2020-05-30,0,0,0,Local - Social Contact,Sindh,Tharparkar
2020-05-30,21,0,8,Local - Social Contact,Sindh,Shikarpur
2020-05-30,22,0,1,Local - Social Contact,Sindh,Jacobabad
2020-05-30,0,0,2,Local - Social Contact,Sindh,Other
2020-05-31,171,1,0,Local - Social Contact,Islamabad Capital Territory,Islamabad
2020-05-31,11,0,0,Local - Social Contact,Gilgit-Baltistan,Skardu
2020-05-31,0,0,3,Local - Social Contact,Gilgit-Baltistan,Astore
2020-05-31,3,0,0,Local - Social Contact,Gilgit-Baltistan,Nagar
2020-05-31,16,0,0,Local - Social Contact,Gilgit-Baltistan,Gilgit
2020-05-31,184,8,13,Local - Social Contact,Khyber Pakhtunkhwa,Peshawar
2020-05-31,3,0,5,Local - Social Contact,Khyber Pakhtunkhwa,Charsadda
2020-05-31,19,0,16,Local - Social Contact,Khyber Pakhtunkhwa,Nowshera
2020-05-31,24,0,0,Local - Social Contact,Khyber Pakhtunkhwa,Khyber
2020-05-31,4,0,0,Local - Social Contact,Khyber Pakhtunkhwa,Mohmand
2020-05-31,8,1,12,Local - Social Contact,Khyber Pakhtunkhwa,Mardan
2020-05-31,1,0,4,Local - Social Contact,Khyber Pakhtunkhwa,Swabi
2020-05-31,36,4,16,Local - Social Contact,Khyber Pakhtunkhwa,Swat
2020-05-31,5,0,2,Local - Social Contact,Khyber Pakhtunkhwa,Buner
2020-05-31,31,1,5,Local - Social Contact,Khyber Pakhtunkhwa,Dir Lower
2020-05-31,8,1,1,Local - Social Contact,Khyber Pakhtunkhwa,Dir Upper
2020-05-31,5,0,3,Local - Social Contact,Khyber Pakhtunkhwa,Shangla
2020-05-31,34,0,6,Local - Social Contact,Khyber Pakhtunkhwa,Malakand
2020-05-31,3,0,2,Local - Social Contact,Khyber Pakhtunkhwa,Chitral Lower
2020-05-31,0,0,1,Local - Social Contact,Khyber Pakhtunkhwa,Chitral Upper
2020-05-31,9,1,7,Local - Social Contact,Khyber Pakhtunkhwa,Bajaur
2020-05-31,2,0,0,Local - Social Contact,Khyber Pakhtunkhwa,Mansehra
2020-05-31,6,0,0,Local - Social Contact,Khyber Pakhtunkhwa,Abbottabad
2020-05-31,6,2,0,Local - Social Contact,Khyber Pakhtunkhwa,Haripur
2020-05-31,0,0,0,Local - Social Contact,Khyber Pakhtunkhwa,Tor Ghar
2020-05-31,0,0,0,Local - Social Contact,Khyber Pakhtunkhwa,Kohistan Upper
2020-05-31,0,0,0,Local - Social Contact,Khyber Pakhtunkhwa,Kohistan Lower
2020-05-31,0,0,0,Local - Social Contact,Khyber Pakhtunkhwa,Kolai Pllas
2020-05-31,13,1,1,Local - Social Contact,Khyber Pakhtunkhwa,Battagram
2020-05-31,1,0,0,Local - Social Contact,Khyber Pakhtunkhwa,Kohat
2020-05-31,0,0,0,Local - Social Contact,Khyber Pakhtunkhwa,Hangu
2020-05-31,0,0,5,Local - Social Contact,Khyber Pakhtunkhwa,Karak
2020-05-31,0,0,0,Local - Social Contact,Khyber Pakhtunkhwa,Kurram
2020-05-31,1,0,0,Local - Social Contact,Khyber Pakhtunkhwa,Orakzai
2020-05-31,2,0,0,Local - Social Contact,Khyber Pakhtunkhwa,Bannu
2020-05-31,0,0,0,Local - Social Contact,Khyber Pakhtunkhwa,Lakki Marwat
2020-05-31,0,0,0,Local - Social Contact,Khyber Pakhtunkhwa,North Waziristan
2020-05-31,4,1,4,Local - Social Contact,Khyber Pakhtunkhwa,Dera Ismail Khan
2020-05-31,0,0,0,Local - Social Contact,Khyber Pakhtunkhwa,Tank
2020-05-31,0,0,0,Local - Social Contact,Khyber Pakhtunkhwa,South Waziristan
2020-05-31,885,16,538,Local - Social Contact,Sindh,Karachi
2020-06-01,304,2,0,Local - Social Contact,Islamabad Capital Territory,Islamabad
2020-06-01,2,0,25,Local - Social Contact,Gilgit-Baltistan,Gilgit
2020-06-01,2,0,0,Local - Social Contact,Gilgit-Baltistan,Ghizer
2020-06-01,5,0,1,Local - Social Contact,Gilgit-Baltistan,Ghanche
2020-06-01,1,0,0,Local - Social Contact,Gilgit-Baltistan,Kharmang
2020-06-01,8,0,0,Local - Social Contact,Gilgit-Baltistan,Diamer
2020-06-01,9,0,5,Local - Social Contact,Gilgit-Baltistan,Astore
2020-06-01,168,2,7,Local - Social Contact,Khyber Pakhtunkhwa,Peshawar
2020-06-01,1,0,0,Local - Social Contact,Khyber Pakhtunkhwa,Charsadda
2020-06-01,4,0,0,Local - Social Contact,Khyber Pakhtunkhwa,Nowshera
2020-06-01,11,0,2,Local - Social Contact,Khyber Pakhtunkhwa,Khyber
2020-06-01,1,0,0,Local - Social Contact,Khyber Pakhtunkhwa,Mohmand
2020-06-01,3,0,6,Local - Social Contact,Khyber Pakhtunkhwa,Mardan
2020-06-01,3,0,6,Local - Social Contact,Khyber Pakhtunkhwa,Swabi
2020-06-01,60,1,5,Local - Social Contact,Khyber Pakhtunkhwa,Swat
2020-06-01,10,1,0,Local - Social Contact,Khyber Pakhtunkhwa,Buner
2020-06-01,44,1,4,Local - Social Contact,Khyber Pakhtunkhwa,Dir Lower
2020-06-01,12,0,0,Local - Social Contact,Khyber Pakhtunkhwa,Dir Upper
2020-06-01,13,0,0,Local - Social Contact,Khyber Pakhtunkhwa,Shangla
2020-06-01,32,1,16,Local - Social Contact,Khyber Pakhtunkhwa,Malakand
2020-06-01,0,0,0,Local - Social Contact,Khyber Pakhtunkhwa,Chitral Lower
2020-06-01,0,0,0,Local - Social Contact,Khyber Pakhtunkhwa,Chitral Upper
2020-06-01,18,2,4,Local - Social Contact,Khyber Pakhtunkhwa,Bajaur
2020-06-01,14,0,1,Local - Social Contact,Khyber Pakhtunkhwa,Mansehra
2020-06-01,32,0,2,Local - Social Contact,Khyber Pakhtunkhwa,Abbottabad
2020-06-01,10,0,2,Local - Social Contact,Khyber Pakhtunkhwa,Haripur
2020-06-01,0,0,0,Local - Social Contact,Khyber Pakhtunkhwa,Tor Ghar
2020-06-01,0,0,0,Local - Social Contact,Khyber Pakhtunkhwa,Kohistan Upper
2020-06-01,1,0,0,Local - Social Contact,Khyber Pakhtunkhwa,Kohistan Lower
2020-06-01,0,0,0,Local - Social Contact,Khyber Pakhtunkhwa,Kolai Pllas
2020-06-01,0,0,1,Local - Social Contact,Khyber Pakhtunkhwa,Battagram
2020-06-01,1,1,0,Local - Social Contact,Khyber Pakhtunkhwa,Kohat
2020-06-01,1,0,0,Local - Social Contact,Khyber Pakhtunkhwa,Hangu
2020-06-01,14,0,3,Local - Social Contact,Khyber Pakhtunkhwa,Karak
2020-06-01,0,0,0,Local - Social Contact,Khyber Pakhtunkhwa,Kurram
2020-06-01,0,0,0,Local - Social Contact,Khyber Pakhtunkhwa,Orakzai
2020-06-01,1,0,0,Local - Social Contact,Khyber Pakhtunkhwa,Bannu
2020-06-01,4,0,2,Local - Social Contact,Khyber Pakhtunkhwa,Lakki Marwat
2020-06-01,0,0,0,Local - Social Contact,Khyber Pakhtunkhwa,North Waziristan
2020-06-01,0,0,0,Local - Social Contact,Khyber Pakhtunkhwa,Dera Ismail Khan
2020-06-01,0,0,0,Local - Social Contact,Khyber Pakhtunkhwa,Tank
2020-06-01,0,0,0,Local - Social Contact,Khyber Pakhtunkhwa,South Waziristan
2020-06-01,1402,22,780,Local - Social Contact,Sindh,Karachi
2020-06-02,295,4,230,Local - Social Contact,Islamabad Capital Territory,Islamabad
2020-06-02,2,0,0,Local - Social Contact,Gilgit-Baltistan,Ghizer
2020-06-02,2,0,0,Local - Social Contact,Gilgit-Baltistan,Hunza
2020-06-02,1,0,0,Local - Social Contact,Gilgit-Baltistan,Shigar
2020-06-02,15,0,0,Local - Social Contact,Gilgit-Baltistan,Astore
2020-06-02,1,0,0,Local - Social Contact,Gilgit-Baltistan,Kharmang
2020-06-02,6,0,0,Local - Social Contact,Gilgit-Baltistan,Ghanche
2020-06-02,16,1,0,Local - Social Contact,Gilgit-Baltistan,Gilgit
2020-06-02,174,3,13,Local - Social Contact,Khyber Pakhtunkhwa,Peshawar
2020-06-02,33,0,1,Local - Social Contact,Khyber Pakhtunkhwa,Charsadda
2020-06-02,6,0,4,Local - Social Contact,Khyber Pakhtunkhwa,Nowshera
2020-06-02,0,0,1,Local - Social Contact,Khyber Pakhtunkhwa,Khyber
2020-06-02,4,0,0,Local - Social Contact,Khyber Pakhtunkhwa,Mohmand
2020-06-02,12,1,8,Local - Social Contact,Khyber Pakhtunkhwa,Mardan
2020-06-02,4,0,1,Local - Social Contact,Khyber Pakhtunkhwa,Swabi
2020-06-02,60,1,23,Local - Social Contact,Khyber Pakhtunkhwa,Swat
2020-06-02,4,0,9,Local - Social Contact,Khyber Pakhtunkhwa,Buner
2020-06-02,33,1,2,Local - Social Contact,Khyber Pakhtunkhwa,Dir Lower
2020-06-02,21,0,1,Local - Social Contact,Khyber Pakhtunkhwa,Dir Upper
2020-06-02,6,0,4,Local - Social Contact,Khyber Pakhtunkhwa,Shangla
2020-06-02,19,0,28,Local - Social Contact,Khyber Pakhtunkhwa,Malakand
2020-06-02,2,0,0,Local - Social Contact,Khyber Pakhtunkhwa,Chitral Lower
2020-06-02,0,0,0,Local - Social Contact,Khyber Pakhtunkhwa,Chitral Upper
2020-06-02,0,0,0,Local - Social Contact,Khyber Pakhtunkhwa,Bajaur
2020-06-02,0,0,0,Local - Social Contact,Khyber Pakhtunkhwa,Mansehra
2020-06-02,8,1,6,Local - Social Contact,Khyber Pakhtunkhwa,Abbottabad
2020-06-02,10,0,3,Local - Social Contact,Khyber Pakhtunkhwa,Haripur
2020-06-02,0,0,0,Local - Social Contact,Khyber Pakhtunkhwa,Tor Ghar
2020-06-02,0,0,0,Local - Social Contact,Khyber Pakhtunkhwa,Kohistan Upper
2020-06-02,1,0,0,Local - Social Contact,Khyber Pakhtunkhwa,Kohistan Lower
2020-06-02,0,0,0,Local - Social Contact,Khyber Pakhtunkhwa,Kolai Pllas
2020-06-02,0,0,0,Local - Social Contact,Khyber Pakhtunkhwa,Battagram
2020-06-02,2,1,1,Local - Social Contact,Khyber Pakhtunkhwa,Kohat
2020-06-02,0,0,0,Local - Social Contact,Khyber Pakhtunkhwa,Hangu
2020-06-02,2,0,1,Local - Social Contact,Khyber Pakhtunkhwa,Karak
2020-06-02,0,0,0,Local - Social Contact,Khyber Pakhtunkhwa,Kurram
2020-06-02,1,0,0,Local - Social Contact,Khyber Pakhtunkhwa,Orakzai
2020-06-02,0,0,0,Local - Social Contact,Khyber Pakhtunkhwa,Bannu
2020-06-02,0,0,0,Local - Social Contact,Khyber Pakhtunkhwa,Lakki Marwat
2020-06-02,0,0,0,Local - Social Contact,Khyber Pakhtunkhwa,North Waziristan
2020-06-02,6,0,6,Local - Social Contact,Khyber Pakhtunkhwa,Dera Ismail Khan
2020-06-02,0,0,0,Local - Social Contact,Khyber Pakhtunkhwa,Tank
2020-06-02,0,0,0,Local - Social Contact,Khyber Pakhtunkhwa,South Waziristan
2020-06-02,1149,23,948,Local - Social Contact,Sindh,Karachi
2020-06-02,47,0,44,Local - Social Contact,Sindh,Hyderabad
2020-06-02,10,0,0,Local - Social Contact,Sindh,Jamshoro
2020-06-02,16,0,0,Local - Social Contact,Sindh,Badin
2020-06-02,17,0,1,Local - Social Contact,Sindh,Shaheed Benazirabad
2020-06-02,0,0,0,Local - Social Contact,Sindh,Naushero Feroz
2020-06-02,5,0,0,Local - Social Contact,Sindh,Sujawal
2020-06-02,2,0,1,Local - Social Contact,Sindh,Thatta
2020-06-02,13,0,0,Local - Social Contact,Sindh,Sanghar
2020-06-02,1,0,0,Local - Social Contact,Sindh,Tando M. Khan
2020-06-02,0,0,0,Local - Social Contact,Sindh,Tando Allahyar
2020-06-02,27,0,9,Local - Social Contact,Sindh,Ghotki
2020-06-02,40,0,31,Local - Social Contact,Sindh,Sukkur
2020-06-02,33,1,3,Local - Social Contact,Sindh,Khairpur
2020-06-02,50,0,7,Local - Social Contact,Sindh,Larkana
2020-06-02,3,0,3,Local - Social Contact,Sindh,Dadu
2020-06-02,6,0,6,Local - Social Contact,Sindh,Kambar Shahdadkot
2020-06-02,1,0,0,Local - Social Contact,Sindh,Matiari
2020-06-02,2,0,0,Local - Social Contact,Sindh,Kashmore
2020-06-02,0,0,2,Local - Social Contact,Sindh,Mirpur Khas
2020-06-02,1,0,0,Local - Social Contact,Sindh,Umerkot
2020-06-02,0,0,0,Local - Social Contact,Sindh,Tharparkar
2020-06-02,6,1,9,Local - Social Contact,Sindh,Shikarpur
2020-06-02,3,0,4,Local - Social Contact,Sindh,Jacobabad
2020-06-02,7,0,0,Local - Social Contact,Sindh,Other
2020-06-03,356,4,119,Local - Social Contact,Islamabad Capital Territory,Islamabad
2020-06-03,3,0,0,Local - Social Contact,Gilgit-Baltistan,Nagar
2020-06-03,7,0,0,Local - Social Contact,Gilgit-Baltistan,Hunza
2020-06-03,22,0,0,Local - Social Contact,Gilgit-Baltistan,Gilgit
2020-06-03,3,0,0,Local - Social Contact,Gilgit-Baltistan,Diamer
2020-06-03,11,0,0,Local - Social Contact,Gilgit-Baltistan,Skardu
2020-06-03,0,0,3,Local - Social Contact,Gilgit-Baltistan,Astore
2020-06-03,145,6,11,Local - Social Contact,Khyber Pakhtunkhwa,Peshawar
2020-06-03,6,0,7,Local - Social Contact,Khyber Pakhtunkhwa,Charsadda
2020-06-03,24,2,9,Local - Social Contact,Khyber Pakhtunkhwa,Nowshera
2020-06-03,23,1,6,Local - Social Contact,Khyber Pakhtunkhwa,Khyber
2020-06-03,0,0,0,Local - Social Contact,Khyber Pakhtunkhwa,Mohmand
2020-06-03,11,0,3,Local - Social Contact,Khyber Pakhtunkhwa,Mardan
2020-06-03,8,0,0,Local - Social Contact,Khyber Pakhtunkhwa,Swabi
2020-06-03,53,0,8,Local - Social Contact,Khyber Pakhtunkhwa,Swat
2020-06-03,7,0,1,Local - Social Contact,Khyber Pakhtunkhwa,Buner
2020-06-03,2,0,0,Local - Social Contact,Khyber Pakhtunkhwa,Dir Lower
2020-06-03,44,0,3,Local - Social Contact,Khyber Pakhtunkhwa,Dir Upper
2020-06-03,0,0,0,Local - Social Contact,Khyber Pakhtunkhwa,Shangla
2020-06-03,33,0,6,Local - Social Contact,Khyber Pakhtunkhwa,Malakand
2020-06-03,2,0,1,Local - Social Contact,Khyber Pakhtunkhwa,Chitral Lower
2020-06-03,5,0,2,Local - Social Contact,Khyber Pakhtunkhwa,Chitral Upper
2020-06-03,24,0,0,Local - Social Contact,Khyber Pakhtunkhwa,Bajaur
2020-06-03,0,0,0,Local - Social Contact,Khyber Pakhtunkhwa,Mansehra
2020-06-03,7,1,0,Local - Social Contact,Khyber Pakhtunkhwa,Abbottabad
2020-06-03,19,0,0,Local - Social Contact,Khyber Pakhtunkhwa,Haripur
2020-06-03,0,0,0,Local - Social Contact,Khyber Pakhtunkhwa,Tor Ghar
2020-06-03,0,0,0,Local - Social Contact,Khyber Pakhtunkhwa,Kohistan Upper
2020-06-03,0,0,0,Local - Social Contact,Khyber Pakhtunkhwa,Kohistan Lower
2020-06-03,0,0,0,Local - Social Contact,Khyber Pakhtunkhwa,Kolai Pllas
2020-06-03,17,0,1,Local - Social Contact,Khyber Pakhtunkhwa,Battagram
2020-06-03,1,0,0,Local - Social Contact,Khyber Pakhtunkhwa,Kohat
2020-06-03,0,0,0,Local - Social Contact,Khyber Pakhtunkhwa,Hangu
2020-06-03,0,0,0,Local - Social Contact,Khyber Pakhtunkhwa,Karak
2020-06-03,23,0,2,Local - Social Contact,Khyber Pakhtunkhwa,Kurram
2020-06-03,0,0,0,Local - Social Contact,Khyber Pakhtunkhwa,Orakzai
2020-06-03,0,0,0,Local - Social Contact,Khyber Pakhtunkhwa,Bannu
2020-06-03,0,0,1,Local - Social Contact,Khyber Pakhtunkhwa,Lakki Marwat
2020-06-03,0,0,0,Local - Social Contact,Khyber Pakhtunkhwa,North Waziristan
2020-06-03,6,0,4,Local - Social Contact,Khyber Pakhtunkhwa,Dera Ismail Khan
2020-06-03,0,0,0,Local - Social Contact,Khyber Pakhtunkhwa,Tank
2020-06-03,4,0,0,Local - Social Contact,Khyber Pakhtunkhwa,South Waziristan
2020-06-03,1487,27,364,Local - Social Contact,Sindh,Karachi
2020-06-03,73,0,44,Local - Social Contact,Sindh,Hyderabad
2020-06-03,13,0,0,Local - Social Contact,Sindh,Jamshoro
2020-06-03,4,0,0,Local - Social Contact,Sindh,Badin
2020-06-03,4,0,1,Local - Social Contact,Sindh,Shaheed Benazirabad
2020-06-03,0,0,0,Local - Social Contact,Sindh,Naushero Feroz
2020-06-03,8,0,0,Local - Social Contact,Sindh,Sujawal
2020-06-03,0,0,1,Local - Social Contact,Sindh,Thatta
2020-06-03,3,0,0,Local - Social Contact,Sindh,Sanghar
2020-06-03,0,0,0,Local - Social Contact,Sindh,Tando M. Khan
2020-06-03,0,0,0,Local - Social Contact,Sindh,Tando Allahyar
2020-06-03,36,0,9,Local - Social Contact,Sindh,Ghotki
2020-06-03,62,0,31,Local - Social Contact,Sindh,Sukkur
2020-06-03,9,1,3,Local - Social Contact,Sindh,Khairpur
2020-06-03,49,0,7,Local - Social Contact,Sindh,Larkana
2020-06-03,9,0,3,Local - Social Contact,Sindh,Dadu
2020-06-03,10,0,6,Local - Social Contact,Sindh,Kambar Shahdadkot
2020-06-03,0,0,0,Local - Social Contact,Sindh,Matiari
2020-06-03,13,0,0,Local - Social Contact,Sindh,Kashmore
2020-06-03,8,0,2,Local - Social Contact,Sindh,Mirpur Khas
2020-06-03,0,0,0,Local - Social Contact,Sindh,Umerkot
2020-06-03,0,0,0,Local - Social Contact,Sindh,Tharparkar
2020-06-03,24,1,9,Local - Social Contact,Sindh,Shikarpur
2020-06-03,7,0,4,Local - Social Contact,Sindh,Jacobabad
2020-06-03,5,0,0,Local - Social Contact,Sindh,Other
2020-05-17,0,0,0,Local - Social Contact,Azad Jummu Kashmir,Muzaffarabad
2020-05-18,3,0,0,Local - Social Contact,Azad Jummu Kashmir,Muzaffarabad
2020-05-19,18,0,0,Local - Social Contact,Azad Jummu Kashmir,Muzaffarabad
2020-05-20,15,0,2,Local - Social Contact,Azad Jummu Kashmir,Muzaffarabad
2020-05-21,10,0,0,Local - Social Contact,Azad Jummu Kashmir,Muzaffarabad
2020-05-22,13,0,15,Local - Social Contact,Azad Jummu Kashmir,Muzaffarabad
2020-05-23,26,0,3,Local - Social Contact,Azad Jummu Kashmir,Muzaffarabad
2020-05-24,12,1,2,Local - Social Contact,Azad Jummu Kashmir,Muzaffarabad
2020-05-25,2,0,0,Local - Social Contact,Azad Jummu Kashmir,Muzaffarabad
2020-05-26,3,2,0,Local - Social Contact,Azad Jummu Kashmir,Muzaffarabad
2020-05-27,5,1,0,Local - Social Contact,Azad Jummu Kashmir,Muzaffarabad
2020-05-28,8,0,0,Local - Social Contact,Azad Jummu Kashmir,Muzaffarabad
2020-05-29,7,1,6,Local - Social Contact,Azad Jummu Kashmir,Muzaffarabad
2020-05-30,17,0,54,Local - Social Contact,Azad Jummu Kashmir,Muzaffarabad
2020-05-31,4,0,9,Local - Social Contact,Azad Jummu Kashmir,Muzaffarabad
2020-06-01,16,0,2,Local - Social Contact,Azad Jummu Kashmir,Muzaffarabad
2020-06-02,13,1,0,Local - Social Contact,Azad Jummu Kashmir,Muzaffarabad
2020-06-03,1,0,3,Local - Social Contact,Azad Jummu Kashmir,Muzaffarabad
2020-05-17,148,0,37,Unknown,Baluchistan,Quetta
2020-05-18,128,2,70,Unknown,Baluchistan,Quetta
2020-05-19,65,0,84,Unknown,Baluchistan,Quetta
2020-05-20,83,0,28,Unknown,Baluchistan,Quetta
2020-05-21,106,1,88,Unknown,Baluchistan,Quetta
2020-05-22,124,0,38,Unknown,Baluchistan,Quetta
2020-05-23,108,0,98,Unknown,Baluchistan,Quetta
2020-05-24,101,1,15,Unknown,Baluchistan,Quetta
2020-05-25,61,1,118,Unknown,Baluchistan,Quetta
2020-05-26,68,0,163,Unknown,Baluchistan,Quetta
2020-05-27,245,0,133,Unknown,Baluchistan,Quetta
2020-05-28,147,2,65,Unknown,Baluchistan,Quetta
2020-05-29,159,3,46,Unknown,Baluchistan,Quetta
2020-05-30,106,0,71,Unknown,Baluchistan,Quetta
2020-05-31,200,1,36,Unknown,Baluchistan,Quetta
2020-06-01,55,2,58,Unknown,Baluchistan,Quetta
2020-06-02,405,0,168,Unknown,Baluchistan,Quetta
2020-06-03,371,2,288,Unknown,Baluchistan,Quetta
2020-05-17,762,8,35,Unknown,Punjab,Lahore
2020-05-18,630,13,56,Unknown,Punjab,Lahore
2020-05-19,709,16,102,Unknown,Punjab,Lahore
2020-05-20,697,8,36,Unknown,Punjab,Lahore
2020-05-21,1073,13,200,Unknown,Punjab,Lahore
2020-05-22,275,14,594,Unknown,Punjab,Lahore
2020-05-23,827,8,144,Unknown,Punjab,Lahore
2020-05-24,520,5,41,Unknown,Punjab,Lahore
2020-05-25,577,15,33,Unknown,Punjab,Lahore
2020-05-26,464,10,61,Unknown,Punjab,Lahore
2020-05-27,919,19,141,Unknown,Punjab,Lahore
2020-05-28,927,29,12,Unknown,Punjab,Lahore
2020-05-29,1140,29,169,Unknown,Punjab,Lahore
2020-05-30,952,36,394,Unknown,Punjab,Lahore
2020-05-31,1184,22,120,Unknown,Punjab,Lahore
2020-06-01,1610,43,95,Unknown,Punjab,Lahore
2020-06-02,1639,30,353,Unknown,Punjab,Lahore
2020-06-03,1615,37,243,Unknown,Punjab,Lahore
